instruction,extension,isa_bases,evidence_kind,asm_occurrences,hdl_occurrences,core_hits,tests_hits,vendor_hits,sample_files
or,I,RV32;RV64,hdl,0,514,514,0,0,C910_RTL_FACTORY/gen_rtl/vfdsu/rtl/ct_vfdsu_ctrl.v;C910_RTL_FACTORY/gen_rtl/vfdsu/rtl/ct_vfdsu_round.v;C910_RTL_FACTORY/gen_rtl/vfdsu/rtl/ct_vfdsu_srt.v;C910_RTL_FACTORY/gen_rtl/vfdsu/rtl/ct_vfdsu_srt_radix16_only_div.v;C910_RTL_FACTORY/gen_rtl/vfdsu/rtl/ct_vfdsu_srt_radix16_with_sqrt.v
div,M,RV32;RV64,hdl,0,85,85,0,0,C910_RTL_FACTORY/gen_rtl/idu/rtl/ct_idu_dep_reg_entry.v;C910_RTL_FACTORY/gen_rtl/idu/rtl/ct_idu_rf_dp.v;C910_RTL_FACTORY/gen_rtl/idu/rtl/ct_idu_rf_pipe7_decd.v;C910_RTL_FACTORY/gen_rtl/plic/rtl/csky_apb_1tox_matrix.v;C910_RTL_FACTORY/gen_rtl/vfdsu/rtl/ct_vfdsu_prepare.v
vsetvli,Zvl32b,RV32;RV64,hdl,0,64,64,0,0,C910_RTL_FACTORY/gen_rtl/ifu/rtl/ct_ifu_decd_normal.v;C910_RTL_FACTORY/gen_rtl/ifu/rtl/ct_ifu_sfp.v;C910_RTL_FACTORY/gen_rtl/rtu/rtl/ct_rtu_rob.v;C910_RTL_FACTORY/gen_rtl/rtu/rtl/ct_rtu_rob_entry.v;C910_RTL_FACTORY/gen_rtl/rtu/rtl/ct_rtu_rob_rt.v
and,I,RV32;RV64,hdl,0,62,62,0,0,C910_RTL_FACTORY/gen_rtl/ifu/rtl/ct_ifu_btb.v;C910_RTL_FACTORY/gen_rtl/ifu/rtl/ct_ifu_ibctrl.v;C910_RTL_FACTORY/gen_rtl/ifu/rtl/ct_ifu_l1_refill.v;C910_RTL_FACTORY/gen_rtl/ifu/rtl/ct_ifu_lbuf.v;C910_RTL_FACTORY/gen_rtl/vfdsu/rtl/ct_vfdsu_srt.v
add,I,RV32;RV64,hdl,0,54,54,0,0,C910_RTL_FACTORY/gen_rtl/had/rtl/ct_had_common_regs.v;C910_RTL_FACTORY/gen_rtl/had/rtl/ct_had_regs.v;C910_RTL_FACTORY/gen_rtl/rtu/rtl/ct_rtu_rob_rt.v;C910_RTL_FACTORY/gen_rtl/vfalu/rtl/ct_fadd_double_dp.v;C910_RTL_FACTORY/gen_rtl/vfalu/rtl/ct_fadd_half_dp.v
ld,I,RV32;RV64,hdl,0,51,51,0,0,C910_RTL_FACTORY/gen_rtl/had/rtl/ct_had_ddc_ctrl.v;C910_RTL_FACTORY/gen_rtl/idu/rtl/ct_idu_rf_pipe3_decd.v;C910_RTL_FACTORY/gen_rtl/ifu/rtl/ct_ifu_decd_normal.v;C910_RTL_FACTORY/gen_rtl/ifu/rtl/ct_ifu_ibdp.v;C910_RTL_FACTORY/gen_rtl/ifu/rtl/ct_ifu_sfp.v
fence,I,RV32;RV64,hdl,0,31,31,0,0,C910_RTL_FACTORY/gen_rtl/idu/rtl/ct_idu_id_ctrl.v;C910_RTL_FACTORY/gen_rtl/idu/rtl/ct_idu_rf_pipe4_decd.v;C910_RTL_FACTORY/gen_rtl/ifu/rtl/ct_ifu_ibdp.v;C910_RTL_FACTORY/gen_rtl/ifu/rtl/ct_ifu_ibuf_entry.v;C910_RTL_FACTORY/gen_rtl/ifu/rtl/ct_ifu_lbuf_entry.v
jal,I,RV32;RV64,hdl,0,29,29,0,0,C910_RTL_FACTORY/gen_rtl/idu/rtl/ct_idu_rf_pipe2_decd.v;C910_RTL_FACTORY/gen_rtl/ifu/rtl/ct_ifu_decd_normal.v;C910_RTL_FACTORY/gen_rtl/ifu/rtl/ct_ifu_ipdp.v;C910_RTL_FACTORY/gen_rtl/ifu/rtl/ct_ifu_precode.v;C910_RTL_FACTORY/gen_rtl/iu/rtl/ct_iu_bju.v
vsetvl,Zvl32b,RV32;RV64,hdl,0,25,25,0,0,C910_RTL_FACTORY/gen_rtl/idu/rtl/ct_idu_ir_dp.v;C910_RTL_FACTORY/gen_rtl/idu/rtl/ct_idu_is_dp.v;C910_RTL_FACTORY/gen_rtl/idu/rtl/ct_idu_is_pipe_entry.v;C910_RTL_FACTORY/gen_rtl/idu/rtl/ct_idu_rf_pipe0_decd.v;C910_RTL_FACTORY/gen_rtl/iu/rtl/ct_iu_special.v
xor,I,RV32;RV64,hdl,0,24,24,0,0,C910_RTL_FACTORY/gen_rtl/idu/rtl/ct_idu_id_split_long.v;C910_RTL_FACTORY/gen_rtl/idu/rtl/ct_idu_rf_pipe1_decd.v;C910_RTL_FACTORY/gen_rtl/idu/rtl/ct_idu_rf_pipe6_decd.v;C910_RTL_FACTORY/gen_rtl/idu/rtl/ct_idu_rf_pipe7_decd.v;C910_RTL_FACTORY/gen_rtl/iu/rtl/ct_iu_alu.v
c.j,Zca,RV32;RV64,hdl,0,23,23,0,0,C910_RTL_FACTORY/gen_rtl/idu/rtl/ct_idu_id_decd.v;C910_RTL_FACTORY/gen_rtl/idu/rtl/ct_idu_rf_pipe2_decd.v;C910_RTL_FACTORY/gen_rtl/ifu/rtl/ct_ifu_decd_normal.v;C910_RTL_FACTORY/gen_rtl/ifu/rtl/ct_ifu_ipdp.v;C910_RTL_FACTORY/gen_rtl/ifu/rtl/ct_ifu_precode.v
max,Zbb,RV32;RV64,hdl,0,20,20,0,0,C910_RTL_FACTORY/gen_rtl/idu/rtl/ct_idu_rf_pipe1_decd.v;C910_RTL_FACTORY/gen_rtl/idu/rtl/ct_idu_rf_pipe7_decd.v;C910_RTL_FACTORY/gen_rtl/iu/rtl/ct_iu_alu.v;C910_RTL_FACTORY/gen_rtl/vfalu/rtl/ct_fadd_double_dp.v;C910_RTL_FACTORY/gen_rtl/vfalu/rtl/ct_fadd_half_dp.v
min,Zbb,RV32;RV64,hdl,0,19,19,0,0,C910_RTL_FACTORY/gen_rtl/idu/rtl/ct_idu_rf_pipe1_decd.v;C910_RTL_FACTORY/gen_rtl/idu/rtl/ct_idu_rf_pipe7_decd.v;C910_RTL_FACTORY/gen_rtl/iu/rtl/ct_iu_alu.v;C910_RTL_FACTORY/gen_rtl/vfalu/rtl/ct_fadd_double_dp.v;C910_RTL_FACTORY/gen_rtl/vfalu/rtl/ct_fadd_half_dp.v
addw,I,RV64,hdl,0,17,17,0,0,C910_RTL_FACTORY/gen_rtl/idu/rtl/ct_idu_id_decd.v;C910_RTL_FACTORY/gen_rtl/idu/rtl/ct_idu_rf_pipe0_decd.v;C910_RTL_FACTORY/gen_rtl/idu/rtl/ct_idu_rf_pipe1_decd.v;C910_RTL_FACTORY/gen_rtl/iu/rtl/ct_iu_alu.v
slt,I,RV32;RV64,hdl,0,17,17,0,0,C910_RTL_FACTORY/gen_rtl/idu/rtl/ct_idu_id_decd.v;C910_RTL_FACTORY/gen_rtl/idu/rtl/ct_idu_rf_pipe0_decd.v;C910_RTL_FACTORY/gen_rtl/idu/rtl/ct_idu_rf_pipe1_decd.v;C910_RTL_FACTORY/gen_rtl/iu/rtl/ct_iu_alu.v
sub,I,RV32;RV64,hdl,0,17,17,0,0,C910_RTL_FACTORY/gen_rtl/idu/rtl/ct_idu_rf_pipe0_decd.v;C910_RTL_FACTORY/gen_rtl/idu/rtl/ct_idu_rf_pipe1_decd.v;C910_RTL_FACTORY/gen_rtl/idu/rtl/ct_idu_rf_pipe6_decd.v;C910_RTL_FACTORY/gen_rtl/idu/rtl/ct_idu_rf_pipe7_decd.v;C910_RTL_FACTORY/gen_rtl/iu/rtl/ct_iu_alu.v
jalr,I,RV32;RV64,hdl,0,16,16,0,0,C910_RTL_FACTORY/gen_rtl/idu/rtl/ct_idu_id_decd_special.v;C910_RTL_FACTORY/gen_rtl/idu/rtl/ct_idu_rf_pipe2_decd.v;C910_RTL_FACTORY/gen_rtl/ifu/rtl/ct_ifu_decd_normal.v;C910_RTL_FACTORY/gen_rtl/ifu/rtl/ct_ifu_pcfifo_if.v;C910_RTL_FACTORY/gen_rtl/iu/rtl/ct_iu_bju.v
beq,I,RV32;RV64,hdl,0,15,15,0,0,C910_RTL_FACTORY/gen_rtl/idu/rtl/ct_idu_rf_pipe2_decd.v;C910_RTL_FACTORY/gen_rtl/ifu/rtl/ct_ifu_decd_normal.v;C910_RTL_FACTORY/gen_rtl/ifu/rtl/ct_ifu_ipdp.v;C910_RTL_FACTORY/gen_rtl/ifu/rtl/ct_ifu_precode.v;C910_RTL_FACTORY/gen_rtl/iu/rtl/ct_iu_bju.v
bge,I,RV32;RV64,hdl,0,15,15,0,0,C910_RTL_FACTORY/gen_rtl/idu/rtl/ct_idu_rf_pipe2_decd.v;C910_RTL_FACTORY/gen_rtl/ifu/rtl/ct_ifu_decd_normal.v;C910_RTL_FACTORY/gen_rtl/ifu/rtl/ct_ifu_ipdp.v;C910_RTL_FACTORY/gen_rtl/ifu/rtl/ct_ifu_precode.v;C910_RTL_FACTORY/gen_rtl/iu/rtl/ct_iu_bju.v
bgeu,I,RV32;RV64,hdl,0,15,15,0,0,C910_RTL_FACTORY/gen_rtl/idu/rtl/ct_idu_rf_pipe2_decd.v;C910_RTL_FACTORY/gen_rtl/ifu/rtl/ct_ifu_decd_normal.v;C910_RTL_FACTORY/gen_rtl/ifu/rtl/ct_ifu_ipdp.v;C910_RTL_FACTORY/gen_rtl/ifu/rtl/ct_ifu_precode.v;C910_RTL_FACTORY/gen_rtl/iu/rtl/ct_iu_bju.v
blt,I,RV32;RV64,hdl,0,15,15,0,0,C910_RTL_FACTORY/gen_rtl/idu/rtl/ct_idu_rf_pipe2_decd.v;C910_RTL_FACTORY/gen_rtl/ifu/rtl/ct_ifu_decd_normal.v;C910_RTL_FACTORY/gen_rtl/ifu/rtl/ct_ifu_ipdp.v;C910_RTL_FACTORY/gen_rtl/ifu/rtl/ct_ifu_precode.v;C910_RTL_FACTORY/gen_rtl/iu/rtl/ct_iu_bju.v
bltu,I,RV32;RV64,hdl,0,15,15,0,0,C910_RTL_FACTORY/gen_rtl/idu/rtl/ct_idu_rf_pipe2_decd.v;C910_RTL_FACTORY/gen_rtl/ifu/rtl/ct_ifu_decd_normal.v;C910_RTL_FACTORY/gen_rtl/ifu/rtl/ct_ifu_ipdp.v;C910_RTL_FACTORY/gen_rtl/ifu/rtl/ct_ifu_precode.v;C910_RTL_FACTORY/gen_rtl/iu/rtl/ct_iu_bju.v
bne,I,RV32;RV64,hdl,0,15,15,0,0,C910_RTL_FACTORY/gen_rtl/idu/rtl/ct_idu_rf_pipe2_decd.v;C910_RTL_FACTORY/gen_rtl/ifu/rtl/ct_ifu_decd_normal.v;C910_RTL_FACTORY/gen_rtl/ifu/rtl/ct_ifu_ipdp.v;C910_RTL_FACTORY/gen_rtl/ifu/rtl/ct_ifu_precode.v;C910_RTL_FACTORY/gen_rtl/iu/rtl/ct_iu_bju.v
auipc,I,RV32;RV64,hdl,0,13,13,0,0,C910_RTL_FACTORY/gen_rtl/idu/rtl/ct_idu_id_decd.v;C910_RTL_FACTORY/gen_rtl/idu/rtl/ct_idu_rf_pipe0_decd.v;C910_RTL_FACTORY/gen_rtl/ifu/rtl/ct_ifu_decd_normal.v;C910_RTL_FACTORY/gen_rtl/ifu/rtl/ct_ifu_pcfifo_if.v;C910_RTL_FACTORY/gen_rtl/iu/rtl/ct_iu_special.v
lui,I,RV32;RV64,hdl,0,13,13,0,0,C910_RTL_FACTORY/gen_rtl/idu/rtl/ct_idu_id_decd.v;C910_RTL_FACTORY/gen_rtl/idu/rtl/ct_idu_rf_pipe0_decd.v;C910_RTL_FACTORY/gen_rtl/idu/rtl/ct_idu_rf_pipe1_decd.v;C910_RTL_FACTORY/gen_rtl/iu/rtl/ct_iu_alu.v
subw,I,RV64,hdl,0,13,13,0,0,C910_RTL_FACTORY/gen_rtl/idu/rtl/ct_idu_id_decd.v;C910_RTL_FACTORY/gen_rtl/idu/rtl/ct_idu_rf_pipe0_decd.v;C910_RTL_FACTORY/gen_rtl/idu/rtl/ct_idu_rf_pipe1_decd.v;C910_RTL_FACTORY/gen_rtl/iu/rtl/ct_iu_alu.v
c.beqz,Zca,RV32;RV64,hdl,0,12,12,0,0,C910_RTL_FACTORY/gen_rtl/idu/rtl/ct_idu_id_decd.v;C910_RTL_FACTORY/gen_rtl/idu/rtl/ct_idu_ir_decd.v;C910_RTL_FACTORY/gen_rtl/idu/rtl/ct_idu_rf_pipe2_decd.v;C910_RTL_FACTORY/gen_rtl/ifu/rtl/ct_ifu_ipdp.v;C910_RTL_FACTORY/gen_rtl/ifu/rtl/ct_ifu_precode.v
fclass.s,F,RV32;RV64,hdl,0,12,12,0,0,C910_RTL_FACTORY/gen_rtl/idu/rtl/ct_idu_id_decd.v;C910_RTL_FACTORY/gen_rtl/idu/rtl/ct_idu_ir_decd.v;C910_RTL_FACTORY/gen_rtl/idu/rtl/ct_idu_rf_pipe6_decd.v;C910_RTL_FACTORY/gen_rtl/idu/rtl/ct_idu_rf_pipe7_decd.v;C910_RTL_FACTORY/gen_rtl/vfalu/rtl/ct_fspu_dp.v
c.jr,Zca,RV32;RV64,hdl,0,11,11,0,0,C910_RTL_FACTORY/gen_rtl/idu/rtl/ct_idu_id_decd.v;C910_RTL_FACTORY/gen_rtl/idu/rtl/ct_idu_ir_decd.v;C910_RTL_FACTORY/gen_rtl/idu/rtl/ct_idu_rf_pipe2_decd.v;C910_RTL_FACTORY/gen_rtl/ifu/rtl/ct_ifu_decd_normal.v
c.li,Zca,RV32;RV64,hdl,0,11,11,0,0,C910_RTL_FACTORY/gen_rtl/idu/rtl/ct_idu_id_decd.v;C910_RTL_FACTORY/gen_rtl/idu/rtl/ct_idu_rf_pipe0_decd.v;C910_RTL_FACTORY/gen_rtl/idu/rtl/ct_idu_rf_pipe1_decd.v;C910_RTL_FACTORY/gen_rtl/iu/rtl/ct_iu_alu.v
csrrc,Zicsr,RV32;RV64,hdl,0,11,11,0,0,C910_RTL_FACTORY/gen_rtl/ciu/rtl/ct_ciu_regs.v;C910_RTL_FACTORY/gen_rtl/ciu/rtl/ct_piu_other_io_sync.v;C910_RTL_FACTORY/gen_rtl/idu/rtl/ct_idu_id_decd_special.v;C910_RTL_FACTORY/gen_rtl/idu/rtl/ct_idu_id_fence.v;C910_RTL_FACTORY/gen_rtl/idu/rtl/ct_idu_rf_pipe0_decd.v
fclass.d,D,RV32;RV64,hdl,0,11,11,0,0,C910_RTL_FACTORY/gen_rtl/idu/rtl/ct_idu_id_decd.v;C910_RTL_FACTORY/gen_rtl/idu/rtl/ct_idu_rf_pipe6_decd.v;C910_RTL_FACTORY/gen_rtl/idu/rtl/ct_idu_rf_pipe7_decd.v;C910_RTL_FACTORY/gen_rtl/vfalu/rtl/ct_fspu_dp.v
fsgnj.d,D,RV32;RV64,hdl,0,11,11,0,0,C910_RTL_FACTORY/gen_rtl/idu/rtl/ct_idu_id_decd.v;C910_RTL_FACTORY/gen_rtl/idu/rtl/ct_idu_rf_pipe6_decd.v;C910_RTL_FACTORY/gen_rtl/idu/rtl/ct_idu_rf_pipe7_decd.v;C910_RTL_FACTORY/gen_rtl/vfalu/rtl/ct_fspu_dp.v
fsgnj.s,F,RV32;RV64,hdl,0,11,11,0,0,C910_RTL_FACTORY/gen_rtl/idu/rtl/ct_idu_id_decd.v;C910_RTL_FACTORY/gen_rtl/idu/rtl/ct_idu_rf_pipe6_decd.v;C910_RTL_FACTORY/gen_rtl/idu/rtl/ct_idu_rf_pipe7_decd.v;C910_RTL_FACTORY/gen_rtl/vfalu/rtl/ct_fspu_dp.v
fsgnjn.d,D,RV32;RV64,hdl,0,11,11,0,0,C910_RTL_FACTORY/gen_rtl/idu/rtl/ct_idu_id_decd.v;C910_RTL_FACTORY/gen_rtl/idu/rtl/ct_idu_rf_pipe6_decd.v;C910_RTL_FACTORY/gen_rtl/idu/rtl/ct_idu_rf_pipe7_decd.v;C910_RTL_FACTORY/gen_rtl/vfalu/rtl/ct_fspu_dp.v
fsgnjn.s,F,RV32;RV64,hdl,0,11,11,0,0,C910_RTL_FACTORY/gen_rtl/idu/rtl/ct_idu_id_decd.v;C910_RTL_FACTORY/gen_rtl/idu/rtl/ct_idu_rf_pipe6_decd.v;C910_RTL_FACTORY/gen_rtl/idu/rtl/ct_idu_rf_pipe7_decd.v;C910_RTL_FACTORY/gen_rtl/vfalu/rtl/ct_fspu_dp.v
fsgnjx.d,D,RV32;RV64,hdl,0,11,11,0,0,C910_RTL_FACTORY/gen_rtl/idu/rtl/ct_idu_id_decd.v;C910_RTL_FACTORY/gen_rtl/idu/rtl/ct_idu_rf_pipe6_decd.v;C910_RTL_FACTORY/gen_rtl/idu/rtl/ct_idu_rf_pipe7_decd.v;C910_RTL_FACTORY/gen_rtl/vfalu/rtl/ct_fspu_dp.v
fsgnjx.s,F,RV32;RV64,hdl,0,11,11,0,0,C910_RTL_FACTORY/gen_rtl/idu/rtl/ct_idu_id_decd.v;C910_RTL_FACTORY/gen_rtl/idu/rtl/ct_idu_rf_pipe6_decd.v;C910_RTL_FACTORY/gen_rtl/idu/rtl/ct_idu_rf_pipe7_decd.v;C910_RTL_FACTORY/gen_rtl/vfalu/rtl/ct_fspu_dp.v
vfmv.f.s,Zvl32b,RV32;RV64,hdl,0,11,11,0,0,C910_RTL_FACTORY/gen_rtl/idu/rtl/ct_idu_id_decd.v;C910_RTL_FACTORY/gen_rtl/idu/rtl/ct_idu_ir_decd.v;C910_RTL_FACTORY/gen_rtl/idu/rtl/ct_idu_rf_pipe6_decd.v;C910_RTL_FACTORY/gen_rtl/idu/rtl/ct_idu_rf_pipe7_decd.v
wfi,Sm,RV32;RV64,hdl,0,11,11,0,0,C910_RTL_FACTORY/gen_rtl/cp0/rtl/ct_cp0_iui.v;C910_RTL_FACTORY/gen_rtl/idu/rtl/ct_idu_id_decd.v;C910_RTL_FACTORY/gen_rtl/idu/rtl/ct_idu_id_decd_special.v;C910_RTL_FACTORY/gen_rtl/idu/rtl/ct_idu_id_fence.v;C910_RTL_FACTORY/gen_rtl/rtu/rtl/ct_rtu_retire.v
csrrs,Zicsr,RV32;RV64,hdl,0,10,10,0,0,C910_RTL_FACTORY/gen_rtl/ciu/rtl/ct_ciu_regs.v;C910_RTL_FACTORY/gen_rtl/ciu/rtl/ct_piu_other_io_sync.v;C910_RTL_FACTORY/gen_rtl/idu/rtl/ct_idu_id_decd_special.v;C910_RTL_FACTORY/gen_rtl/idu/rtl/ct_idu_id_fence.v;C910_RTL_FACTORY/gen_rtl/idu/rtl/ct_idu_rf_pipe0_decd.v
csrrw,Zicsr,RV32;RV64,hdl,0,10,10,0,0,C910_RTL_FACTORY/gen_rtl/ciu/rtl/ct_ciu_regs.v;C910_RTL_FACTORY/gen_rtl/ciu/rtl/ct_piu_other_io_sync.v;C910_RTL_FACTORY/gen_rtl/idu/rtl/ct_idu_id_decd_special.v;C910_RTL_FACTORY/gen_rtl/idu/rtl/ct_idu_id_fence.v;C910_RTL_FACTORY/gen_rtl/idu/rtl/ct_idu_rf_pipe0_decd.v
ecall,I,RV32;RV64,hdl,0,10,10,0,0,C910_RTL_FACTORY/gen_rtl/idu/rtl/ct_idu_id_decd.v;C910_RTL_FACTORY/gen_rtl/idu/rtl/ct_idu_id_decd_special.v;C910_RTL_FACTORY/gen_rtl/idu/rtl/ct_idu_rf_pipe0_decd.v;C910_RTL_FACTORY/gen_rtl/iu/rtl/ct_iu_special.v
fclass.h,Zfh,RV32;RV64,hdl,0,10,10,0,0,C910_RTL_FACTORY/gen_rtl/idu/rtl/ct_idu_id_decd.v;C910_RTL_FACTORY/gen_rtl/idu/rtl/ct_idu_ir_decd.v;C910_RTL_FACTORY/gen_rtl/idu/rtl/ct_idu_rf_pipe6_decd.v;C910_RTL_FACTORY/gen_rtl/idu/rtl/ct_idu_rf_pipe7_decd.v
feq.h,Zfh,RV32;RV64,hdl,0,10,10,0,0,C910_RTL_FACTORY/gen_rtl/idu/rtl/ct_idu_id_decd.v;C910_RTL_FACTORY/gen_rtl/idu/rtl/ct_idu_ir_decd.v;C910_RTL_FACTORY/gen_rtl/idu/rtl/ct_idu_rf_pipe6_decd.v;C910_RTL_FACTORY/gen_rtl/idu/rtl/ct_idu_rf_pipe7_decd.v
feq.s,F,RV32;RV64,hdl,0,10,10,0,0,C910_RTL_FACTORY/gen_rtl/idu/rtl/ct_idu_id_decd.v;C910_RTL_FACTORY/gen_rtl/idu/rtl/ct_idu_ir_decd.v;C910_RTL_FACTORY/gen_rtl/idu/rtl/ct_idu_rf_pipe6_decd.v;C910_RTL_FACTORY/gen_rtl/idu/rtl/ct_idu_rf_pipe7_decd.v
fle.h,Zfh,RV32;RV64,hdl,0,10,10,0,0,C910_RTL_FACTORY/gen_rtl/idu/rtl/ct_idu_id_decd.v;C910_RTL_FACTORY/gen_rtl/idu/rtl/ct_idu_ir_decd.v;C910_RTL_FACTORY/gen_rtl/idu/rtl/ct_idu_rf_pipe6_decd.v;C910_RTL_FACTORY/gen_rtl/idu/rtl/ct_idu_rf_pipe7_decd.v
fle.s,F,RV32;RV64,hdl,0,10,10,0,0,C910_RTL_FACTORY/gen_rtl/idu/rtl/ct_idu_id_decd.v;C910_RTL_FACTORY/gen_rtl/idu/rtl/ct_idu_ir_decd.v;C910_RTL_FACTORY/gen_rtl/idu/rtl/ct_idu_rf_pipe6_decd.v;C910_RTL_FACTORY/gen_rtl/idu/rtl/ct_idu_rf_pipe7_decd.v
flt.h,Zfh,RV32;RV64,hdl,0,10,10,0,0,C910_RTL_FACTORY/gen_rtl/idu/rtl/ct_idu_id_decd.v;C910_RTL_FACTORY/gen_rtl/idu/rtl/ct_idu_ir_decd.v;C910_RTL_FACTORY/gen_rtl/idu/rtl/ct_idu_rf_pipe6_decd.v;C910_RTL_FACTORY/gen_rtl/idu/rtl/ct_idu_rf_pipe7_decd.v
flt.s,F,RV32;RV64,hdl,0,10,10,0,0,C910_RTL_FACTORY/gen_rtl/idu/rtl/ct_idu_id_decd.v;C910_RTL_FACTORY/gen_rtl/idu/rtl/ct_idu_ir_decd.v;C910_RTL_FACTORY/gen_rtl/idu/rtl/ct_idu_rf_pipe6_decd.v;C910_RTL_FACTORY/gen_rtl/idu/rtl/ct_idu_rf_pipe7_decd.v
lr.w,Zalrsc,RV32;RV64,hdl,0,10,10,0,0,C910_RTL_FACTORY/gen_rtl/idu/rtl/ct_idu_id_decd.v;C910_RTL_FACTORY/gen_rtl/idu/rtl/ct_idu_id_decd_special.v;C910_RTL_FACTORY/gen_rtl/idu/rtl/ct_idu_ir_decd.v;C910_RTL_FACTORY/gen_rtl/idu/rtl/ct_idu_rf_pipe3_decd.v;C910_RTL_FACTORY/gen_rtl/ifu/rtl/ct_ifu_decd_normal.v
vfmv.s.f,Zvl32b,RV32;RV64,hdl,0,10,10,0,0,C910_RTL_FACTORY/gen_rtl/idu/rtl/ct_idu_id_decd.v;C910_RTL_FACTORY/gen_rtl/idu/rtl/ct_idu_ir_decd.v;C910_RTL_FACTORY/gen_rtl/idu/rtl/ct_idu_rf_pipe6_decd.v;C910_RTL_FACTORY/gen_rtl/idu/rtl/ct_idu_rf_pipe7_decd.v
c.jalr,Zca,RV32;RV64,hdl,0,9,9,0,0,C910_RTL_FACTORY/gen_rtl/idu/rtl/ct_idu_id_decd.v;C910_RTL_FACTORY/gen_rtl/idu/rtl/ct_idu_id_decd_special.v;C910_RTL_FACTORY/gen_rtl/idu/rtl/ct_idu_ir_decd.v;C910_RTL_FACTORY/gen_rtl/idu/rtl/ct_idu_rf_pipe2_decd.v;C910_RTL_FACTORY/gen_rtl/ifu/rtl/ct_ifu_decd_normal.v
ebreak,I,RV32;RV64,hdl,0,9,9,0,0,C910_RTL_FACTORY/gen_rtl/idu/rtl/ct_idu_id_decd.v;C910_RTL_FACTORY/gen_rtl/idu/rtl/ct_idu_id_decd_special.v;C910_RTL_FACTORY/gen_rtl/idu/rtl/ct_idu_rf_pipe0_decd.v;C910_RTL_FACTORY/gen_rtl/iu/rtl/ct_iu_special.v
fadd.d,D,RV32;RV64,hdl,0,9,9,0,0,C910_RTL_FACTORY/gen_rtl/idu/rtl/ct_idu_id_decd.v;C910_RTL_FACTORY/gen_rtl/idu/rtl/ct_idu_rf_pipe6_decd.v;C910_RTL_FACTORY/gen_rtl/idu/rtl/ct_idu_rf_pipe7_decd.v
fadd.h,Zfh,RV32;RV64,hdl,0,9,9,0,0,C910_RTL_FACTORY/gen_rtl/idu/rtl/ct_idu_id_decd.v;C910_RTL_FACTORY/gen_rtl/idu/rtl/ct_idu_rf_pipe6_decd.v;C910_RTL_FACTORY/gen_rtl/idu/rtl/ct_idu_rf_pipe7_decd.v
fadd.s,F,RV32;RV64,hdl,0,9,9,0,0,C910_RTL_FACTORY/gen_rtl/idu/rtl/ct_idu_id_decd.v;C910_RTL_FACTORY/gen_rtl/idu/rtl/ct_idu_rf_pipe6_decd.v;C910_RTL_FACTORY/gen_rtl/idu/rtl/ct_idu_rf_pipe7_decd.v
fdiv.d,D,RV32;RV64,hdl,0,9,9,0,0,C910_RTL_FACTORY/gen_rtl/idu/rtl/ct_idu_id_decd.v;C910_RTL_FACTORY/gen_rtl/idu/rtl/ct_idu_rf_pipe6_decd.v;C910_RTL_FACTORY/gen_rtl/idu/rtl/ct_idu_rf_pipe7_decd.v
fdiv.s,F,RV32;RV64,hdl,0,9,9,0,0,C910_RTL_FACTORY/gen_rtl/idu/rtl/ct_idu_id_decd.v;C910_RTL_FACTORY/gen_rtl/idu/rtl/ct_idu_rf_pipe6_decd.v;C910_RTL_FACTORY/gen_rtl/idu/rtl/ct_idu_rf_pipe7_decd.v
fmadd.d,D,RV32;RV64,hdl,0,9,9,0,0,C910_RTL_FACTORY/gen_rtl/idu/rtl/ct_idu_id_decd.v;C910_RTL_FACTORY/gen_rtl/idu/rtl/ct_idu_rf_pipe6_decd.v;C910_RTL_FACTORY/gen_rtl/idu/rtl/ct_idu_rf_pipe7_decd.v
fmadd.h,Zfh,RV32;RV64,hdl,0,9,9,0,0,C910_RTL_FACTORY/gen_rtl/idu/rtl/ct_idu_id_decd.v;C910_RTL_FACTORY/gen_rtl/idu/rtl/ct_idu_rf_pipe6_decd.v;C910_RTL_FACTORY/gen_rtl/idu/rtl/ct_idu_rf_pipe7_decd.v
fmadd.s,F,RV32;RV64,hdl,0,9,9,0,0,C910_RTL_FACTORY/gen_rtl/idu/rtl/ct_idu_id_decd.v;C910_RTL_FACTORY/gen_rtl/idu/rtl/ct_idu_rf_pipe6_decd.v;C910_RTL_FACTORY/gen_rtl/idu/rtl/ct_idu_rf_pipe7_decd.v
fmax.d,D,RV32;RV64,hdl,0,9,9,0,0,C910_RTL_FACTORY/gen_rtl/idu/rtl/ct_idu_id_decd.v;C910_RTL_FACTORY/gen_rtl/idu/rtl/ct_idu_rf_pipe6_decd.v;C910_RTL_FACTORY/gen_rtl/idu/rtl/ct_idu_rf_pipe7_decd.v
fmax.h,Zfh,RV32;RV64,hdl,0,9,9,0,0,C910_RTL_FACTORY/gen_rtl/idu/rtl/ct_idu_id_decd.v;C910_RTL_FACTORY/gen_rtl/idu/rtl/ct_idu_rf_pipe6_decd.v;C910_RTL_FACTORY/gen_rtl/idu/rtl/ct_idu_rf_pipe7_decd.v
fmax.s,F,RV32;RV64,hdl,0,9,9,0,0,C910_RTL_FACTORY/gen_rtl/idu/rtl/ct_idu_id_decd.v;C910_RTL_FACTORY/gen_rtl/idu/rtl/ct_idu_rf_pipe6_decd.v;C910_RTL_FACTORY/gen_rtl/idu/rtl/ct_idu_rf_pipe7_decd.v
fmin.d,D,RV32;RV64,hdl,0,9,9,0,0,C910_RTL_FACTORY/gen_rtl/idu/rtl/ct_idu_id_decd.v;C910_RTL_FACTORY/gen_rtl/idu/rtl/ct_idu_rf_pipe6_decd.v;C910_RTL_FACTORY/gen_rtl/idu/rtl/ct_idu_rf_pipe7_decd.v
fmin.h,Zfh,RV32;RV64,hdl,0,9,9,0,0,C910_RTL_FACTORY/gen_rtl/idu/rtl/ct_idu_id_decd.v;C910_RTL_FACTORY/gen_rtl/idu/rtl/ct_idu_rf_pipe6_decd.v;C910_RTL_FACTORY/gen_rtl/idu/rtl/ct_idu_rf_pipe7_decd.v
fmin.s,F,RV32;RV64,hdl,0,9,9,0,0,C910_RTL_FACTORY/gen_rtl/idu/rtl/ct_idu_id_decd.v;C910_RTL_FACTORY/gen_rtl/idu/rtl/ct_idu_rf_pipe6_decd.v;C910_RTL_FACTORY/gen_rtl/idu/rtl/ct_idu_rf_pipe7_decd.v
fmsub.d,D,RV32;RV64,hdl,0,9,9,0,0,C910_RTL_FACTORY/gen_rtl/idu/rtl/ct_idu_id_decd.v;C910_RTL_FACTORY/gen_rtl/idu/rtl/ct_idu_rf_pipe6_decd.v;C910_RTL_FACTORY/gen_rtl/idu/rtl/ct_idu_rf_pipe7_decd.v
fmsub.h,Zfh,RV32;RV64,hdl,0,9,9,0,0,C910_RTL_FACTORY/gen_rtl/idu/rtl/ct_idu_id_decd.v;C910_RTL_FACTORY/gen_rtl/idu/rtl/ct_idu_rf_pipe6_decd.v;C910_RTL_FACTORY/gen_rtl/idu/rtl/ct_idu_rf_pipe7_decd.v
fmsub.s,F,RV32;RV64,hdl,0,9,9,0,0,C910_RTL_FACTORY/gen_rtl/idu/rtl/ct_idu_id_decd.v;C910_RTL_FACTORY/gen_rtl/idu/rtl/ct_idu_rf_pipe6_decd.v;C910_RTL_FACTORY/gen_rtl/idu/rtl/ct_idu_rf_pipe7_decd.v
fmul.d,D,RV32;RV64,hdl,0,9,9,0,0,C910_RTL_FACTORY/gen_rtl/idu/rtl/ct_idu_id_decd.v;C910_RTL_FACTORY/gen_rtl/idu/rtl/ct_idu_rf_pipe6_decd.v;C910_RTL_FACTORY/gen_rtl/idu/rtl/ct_idu_rf_pipe7_decd.v
fmul.h,Zfh,RV32;RV64,hdl,0,9,9,0,0,C910_RTL_FACTORY/gen_rtl/idu/rtl/ct_idu_id_decd.v;C910_RTL_FACTORY/gen_rtl/idu/rtl/ct_idu_rf_pipe6_decd.v;C910_RTL_FACTORY/gen_rtl/idu/rtl/ct_idu_rf_pipe7_decd.v
fmul.s,F,RV32;RV64,hdl,0,9,9,0,0,C910_RTL_FACTORY/gen_rtl/idu/rtl/ct_idu_id_decd.v;C910_RTL_FACTORY/gen_rtl/idu/rtl/ct_idu_rf_pipe6_decd.v;C910_RTL_FACTORY/gen_rtl/idu/rtl/ct_idu_rf_pipe7_decd.v
fnmadd.d,D,RV32;RV64,hdl,0,9,9,0,0,C910_RTL_FACTORY/gen_rtl/idu/rtl/ct_idu_id_decd.v;C910_RTL_FACTORY/gen_rtl/idu/rtl/ct_idu_rf_pipe6_decd.v;C910_RTL_FACTORY/gen_rtl/idu/rtl/ct_idu_rf_pipe7_decd.v
fnmadd.h,Zfh,RV32;RV64,hdl,0,9,9,0,0,C910_RTL_FACTORY/gen_rtl/idu/rtl/ct_idu_id_decd.v;C910_RTL_FACTORY/gen_rtl/idu/rtl/ct_idu_rf_pipe6_decd.v;C910_RTL_FACTORY/gen_rtl/idu/rtl/ct_idu_rf_pipe7_decd.v
fnmadd.s,F,RV32;RV64,hdl,0,9,9,0,0,C910_RTL_FACTORY/gen_rtl/idu/rtl/ct_idu_id_decd.v;C910_RTL_FACTORY/gen_rtl/idu/rtl/ct_idu_rf_pipe6_decd.v;C910_RTL_FACTORY/gen_rtl/idu/rtl/ct_idu_rf_pipe7_decd.v
fnmsub.h,Zfh,RV32;RV64,hdl,0,9,9,0,0,C910_RTL_FACTORY/gen_rtl/idu/rtl/ct_idu_id_decd.v;C910_RTL_FACTORY/gen_rtl/idu/rtl/ct_idu_rf_pipe6_decd.v;C910_RTL_FACTORY/gen_rtl/idu/rtl/ct_idu_rf_pipe7_decd.v
fnmsub.s,F,RV32;RV64,hdl,0,9,9,0,0,C910_RTL_FACTORY/gen_rtl/idu/rtl/ct_idu_id_decd.v;C910_RTL_FACTORY/gen_rtl/idu/rtl/ct_idu_rf_pipe6_decd.v;C910_RTL_FACTORY/gen_rtl/idu/rtl/ct_idu_rf_pipe7_decd.v
fsgnj.h,Zfh,RV32;RV64,hdl,0,9,9,0,0,C910_RTL_FACTORY/gen_rtl/idu/rtl/ct_idu_id_decd.v;C910_RTL_FACTORY/gen_rtl/idu/rtl/ct_idu_rf_pipe6_decd.v;C910_RTL_FACTORY/gen_rtl/idu/rtl/ct_idu_rf_pipe7_decd.v
fsgnjn.h,Zfh,RV32;RV64,hdl,0,9,9,0,0,C910_RTL_FACTORY/gen_rtl/idu/rtl/ct_idu_id_decd.v;C910_RTL_FACTORY/gen_rtl/idu/rtl/ct_idu_rf_pipe6_decd.v;C910_RTL_FACTORY/gen_rtl/idu/rtl/ct_idu_rf_pipe7_decd.v
fsgnjx.h,Zfh,RV32;RV64,hdl,0,9,9,0,0,C910_RTL_FACTORY/gen_rtl/idu/rtl/ct_idu_id_decd.v;C910_RTL_FACTORY/gen_rtl/idu/rtl/ct_idu_rf_pipe6_decd.v;C910_RTL_FACTORY/gen_rtl/idu/rtl/ct_idu_rf_pipe7_decd.v
fsqrt.d,D,RV32;RV64,hdl,0,9,9,0,0,C910_RTL_FACTORY/gen_rtl/idu/rtl/ct_idu_id_decd.v;C910_RTL_FACTORY/gen_rtl/idu/rtl/ct_idu_rf_pipe6_decd.v;C910_RTL_FACTORY/gen_rtl/idu/rtl/ct_idu_rf_pipe7_decd.v
fsqrt.s,F,RV32;RV64,hdl,0,9,9,0,0,C910_RTL_FACTORY/gen_rtl/idu/rtl/ct_idu_id_decd.v;C910_RTL_FACTORY/gen_rtl/idu/rtl/ct_idu_rf_pipe6_decd.v;C910_RTL_FACTORY/gen_rtl/idu/rtl/ct_idu_rf_pipe7_decd.v
fsub.d,D,RV32;RV64,hdl,0,9,9,0,0,C910_RTL_FACTORY/gen_rtl/idu/rtl/ct_idu_id_decd.v;C910_RTL_FACTORY/gen_rtl/idu/rtl/ct_idu_rf_pipe6_decd.v;C910_RTL_FACTORY/gen_rtl/idu/rtl/ct_idu_rf_pipe7_decd.v
fsub.h,Zfh,RV32;RV64,hdl,0,9,9,0,0,C910_RTL_FACTORY/gen_rtl/idu/rtl/ct_idu_id_decd.v;C910_RTL_FACTORY/gen_rtl/idu/rtl/ct_idu_rf_pipe6_decd.v;C910_RTL_FACTORY/gen_rtl/idu/rtl/ct_idu_rf_pipe7_decd.v
fsub.s,F,RV32;RV64,hdl,0,9,9,0,0,C910_RTL_FACTORY/gen_rtl/idu/rtl/ct_idu_id_decd.v;C910_RTL_FACTORY/gen_rtl/idu/rtl/ct_idu_rf_pipe6_decd.v;C910_RTL_FACTORY/gen_rtl/idu/rtl/ct_idu_rf_pipe7_decd.v
lr.d,Zalrsc,RV64,hdl,0,9,9,0,0,C910_RTL_FACTORY/gen_rtl/idu/rtl/ct_idu_id_decd.v;C910_RTL_FACTORY/gen_rtl/idu/rtl/ct_idu_ir_decd.v;C910_RTL_FACTORY/gen_rtl/idu/rtl/ct_idu_rf_pipe3_decd.v;C910_RTL_FACTORY/gen_rtl/ifu/rtl/ct_ifu_decd_normal.v
vrgather.vv,Zvl32b,RV32;RV64,hdl,0,9,9,0,0,C910_RTL_FACTORY/gen_rtl/idu/rtl/ct_idu_id_decd.v;C910_RTL_FACTORY/gen_rtl/idu/rtl/ct_idu_rf_pipe6_decd.v;C910_RTL_FACTORY/gen_rtl/idu/rtl/ct_idu_rf_pipe7_decd.v
feq.d,D,RV32;RV64,hdl,0,8,8,0,0,C910_RTL_FACTORY/gen_rtl/idu/rtl/ct_idu_id_decd.v;C910_RTL_FACTORY/gen_rtl/idu/rtl/ct_idu_ir_decd.v;C910_RTL_FACTORY/gen_rtl/idu/rtl/ct_idu_rf_pipe6_decd.v;C910_RTL_FACTORY/gen_rtl/idu/rtl/ct_idu_rf_pipe7_decd.v
fle.d,D,RV32;RV64,hdl,0,8,8,0,0,C910_RTL_FACTORY/gen_rtl/idu/rtl/ct_idu_id_decd.v;C910_RTL_FACTORY/gen_rtl/idu/rtl/ct_idu_ir_decd.v;C910_RTL_FACTORY/gen_rtl/idu/rtl/ct_idu_rf_pipe6_decd.v;C910_RTL_FACTORY/gen_rtl/idu/rtl/ct_idu_rf_pipe7_decd.v
flt.d,D,RV32;RV64,hdl,0,8,8,0,0,C910_RTL_FACTORY/gen_rtl/idu/rtl/ct_idu_id_decd.v;C910_RTL_FACTORY/gen_rtl/idu/rtl/ct_idu_ir_decd.v;C910_RTL_FACTORY/gen_rtl/idu/rtl/ct_idu_rf_pipe6_decd.v;C910_RTL_FACTORY/gen_rtl/idu/rtl/ct_idu_rf_pipe7_decd.v
fmv.x.w,F,RV32;RV64,hdl,0,8,8,0,0,C910_RTL_FACTORY/gen_rtl/idu/rtl/ct_idu_id_decd.v;C910_RTL_FACTORY/gen_rtl/idu/rtl/ct_idu_id_split_short.v;C910_RTL_FACTORY/gen_rtl/idu/rtl/ct_idu_ir_decd.v;C910_RTL_FACTORY/gen_rtl/idu/rtl/ct_idu_rf_pipe6_decd.v;C910_RTL_FACTORY/gen_rtl/idu/rtl/ct_idu_rf_pipe7_decd.v
sd,I,RV32;RV64,hdl,0,8,8,0,0,C910_RTL_FACTORY/gen_rtl/ciu/rtl/ct_ciu_snb_sab_entry.v;C910_RTL_FACTORY/gen_rtl/had/rtl/ct_had_ddc_dp.v;C910_RTL_FACTORY/gen_rtl/idu/rtl/ct_idu_id_decd.v;C910_RTL_FACTORY/gen_rtl/idu/rtl/ct_idu_rf_pipe4_decd.v;C910_RTL_FACTORY/gen_rtl/ifu/rtl/ct_ifu_decd_normal.v
fnmsub.d,D,RV32;RV64,hdl,0,7,7,0,0,C910_RTL_FACTORY/gen_rtl/idu/rtl/ct_idu_id_decd.v;C910_RTL_FACTORY/gen_rtl/idu/rtl/ct_idu_rf_pipe6_decd.v;C910_RTL_FACTORY/gen_rtl/idu/rtl/ct_idu_rf_pipe7_decd.v
vmv.s.x,Zvl32b,RV32;RV64,hdl,0,7,7,0,0,C910_RTL_FACTORY/gen_rtl/idu/rtl/ct_idu_id_split_long.v;C910_RTL_FACTORY/gen_rtl/idu/rtl/ct_idu_rf_pipe0_decd.v;C910_RTL_FACTORY/gen_rtl/idu/rtl/ct_idu_rf_pipe1_decd.v;C910_RTL_FACTORY/gen_rtl/idu/rtl/ct_idu_rf_pipe6_decd.v;C910_RTL_FACTORY/gen_rtl/idu/rtl/ct_idu_rf_pipe7_decd.v
addi,I,RV32;RV64,hdl,0,6,6,0,0,C910_RTL_FACTORY/gen_rtl/idu/rtl/ct_idu_id_decd.v;C910_RTL_FACTORY/gen_rtl/idu/rtl/ct_idu_id_split_long.v;C910_RTL_FACTORY/gen_rtl/idu/rtl/ct_idu_rf_pipe0_decd.v;C910_RTL_FACTORY/gen_rtl/idu/rtl/ct_idu_rf_pipe1_decd.v
c.fsd,Zcd,RV32;RV64,hdl,0,6,6,0,0,C910_RTL_FACTORY/gen_rtl/idu/rtl/ct_idu_id_decd.v;C910_RTL_FACTORY/gen_rtl/idu/rtl/ct_idu_ir_decd.v;C910_RTL_FACTORY/gen_rtl/idu/rtl/ct_idu_rf_pipe4_decd.v;C910_RTL_FACTORY/gen_rtl/ifu/rtl/ct_ifu_decd_normal.v
fmv.d.x,D,RV64,hdl,0,6,6,0,0,C910_RTL_FACTORY/gen_rtl/idu/rtl/ct_idu_id_decd.v;C910_RTL_FACTORY/gen_rtl/idu/rtl/ct_idu_rf_pipe0_decd.v;C910_RTL_FACTORY/gen_rtl/idu/rtl/ct_idu_rf_pipe1_decd.v;C910_RTL_FACTORY/gen_rtl/idu/rtl/ct_idu_rf_pipe6_decd.v;C910_RTL_FACTORY/gen_rtl/idu/rtl/ct_idu_rf_pipe7_decd.v
fmv.w.x,F,RV32;RV64,hdl,0,6,6,0,0,C910_RTL_FACTORY/gen_rtl/idu/rtl/ct_idu_id_decd.v;C910_RTL_FACTORY/gen_rtl/idu/rtl/ct_idu_rf_pipe0_decd.v;C910_RTL_FACTORY/gen_rtl/idu/rtl/ct_idu_rf_pipe1_decd.v;C910_RTL_FACTORY/gen_rtl/idu/rtl/ct_idu_rf_pipe6_decd.v;C910_RTL_FACTORY/gen_rtl/idu/rtl/ct_idu_rf_pipe7_decd.v
fmv.x.d,D,RV64,hdl,0,6,6,0,0,C910_RTL_FACTORY/gen_rtl/idu/rtl/ct_idu_id_decd.v;C910_RTL_FACTORY/gen_rtl/idu/rtl/ct_idu_id_split_short.v;C910_RTL_FACTORY/gen_rtl/idu/rtl/ct_idu_ir_decd.v;C910_RTL_FACTORY/gen_rtl/idu/rtl/ct_idu_rf_pipe6_decd.v;C910_RTL_FACTORY/gen_rtl/idu/rtl/ct_idu_rf_pipe7_decd.v
sfence.vma,S,RV32;RV64,hdl,0,6,6,0,0,C910_RTL_FACTORY/gen_rtl/idu/rtl/ct_idu_id_decd.v;C910_RTL_FACTORY/gen_rtl/idu/rtl/ct_idu_id_decd_special.v;C910_RTL_FACTORY/gen_rtl/idu/rtl/ct_idu_ir_decd.v;C910_RTL_FACTORY/gen_rtl/idu/rtl/ct_idu_rf_pipe4_decd.v
c.addi4spn,Zca,RV32;RV64,hdl,0,5,5,0,0,C910_RTL_FACTORY/gen_rtl/idu/rtl/ct_idu_id_decd.v;C910_RTL_FACTORY/gen_rtl/idu/rtl/ct_idu_rf_pipe0_decd.v;C910_RTL_FACTORY/gen_rtl/idu/rtl/ct_idu_rf_pipe1_decd.v
c.fld,Zcd,RV32;RV64,hdl,0,5,5,0,0,C910_RTL_FACTORY/gen_rtl/idu/rtl/ct_idu_id_decd.v;C910_RTL_FACTORY/gen_rtl/idu/rtl/ct_idu_ir_decd.v;C910_RTL_FACTORY/gen_rtl/idu/rtl/ct_idu_rf_pipe3_decd.v;C910_RTL_FACTORY/gen_rtl/ifu/rtl/ct_ifu_decd_normal.v
c.fldsp,Zcd,RV32;RV64,hdl,0,5,5,0,0,C910_RTL_FACTORY/gen_rtl/idu/rtl/ct_idu_id_decd.v;C910_RTL_FACTORY/gen_rtl/idu/rtl/ct_idu_ir_decd.v;C910_RTL_FACTORY/gen_rtl/idu/rtl/ct_idu_rf_pipe3_decd.v;C910_RTL_FACTORY/gen_rtl/ifu/rtl/ct_ifu_decd_normal.v
c.fsdsp,Zcd,RV32;RV64,hdl,0,5,5,0,0,C910_RTL_FACTORY/gen_rtl/idu/rtl/ct_idu_id_decd.v;C910_RTL_FACTORY/gen_rtl/idu/rtl/ct_idu_ir_decd.v;C910_RTL_FACTORY/gen_rtl/idu/rtl/ct_idu_rf_pipe4_decd.v;C910_RTL_FACTORY/gen_rtl/ifu/rtl/ct_ifu_decd_normal.v
c.ldsp,C,RV32;RV64,hdl,0,5,5,0,0,C910_RTL_FACTORY/gen_rtl/idu/rtl/ct_idu_id_decd.v;C910_RTL_FACTORY/gen_rtl/idu/rtl/ct_idu_ir_decd.v;C910_RTL_FACTORY/gen_rtl/idu/rtl/ct_idu_rf_pipe3_decd.v;C910_RTL_FACTORY/gen_rtl/ifu/rtl/ct_ifu_decd_normal.v
c.lwsp,Zca,RV32;RV64,hdl,0,5,5,0,0,C910_RTL_FACTORY/gen_rtl/idu/rtl/ct_idu_id_decd.v;C910_RTL_FACTORY/gen_rtl/idu/rtl/ct_idu_ir_decd.v;C910_RTL_FACTORY/gen_rtl/idu/rtl/ct_idu_rf_pipe3_decd.v;C910_RTL_FACTORY/gen_rtl/ifu/rtl/ct_ifu_decd_normal.v
c.mv,Zca,RV32;RV64,hdl,0,5,5,0,0,C910_RTL_FACTORY/gen_rtl/idu/rtl/ct_idu_id_decd.v;C910_RTL_FACTORY/gen_rtl/idu/rtl/ct_idu_rf_pipe0_decd.v;C910_RTL_FACTORY/gen_rtl/idu/rtl/ct_idu_rf_pipe1_decd.v;C910_RTL_FACTORY/gen_rtl/iu/rtl/ct_iu_alu.v
fdiv.h,Zfh,RV32;RV64,hdl,0,5,5,0,0,C910_RTL_FACTORY/gen_rtl/idu/rtl/ct_idu_id_decd.v;C910_RTL_FACTORY/gen_rtl/idu/rtl/ct_idu_rf_pipe6_decd.v
fence.i,Zifencei,RV32;RV64,hdl,0,5,5,0,0,C910_RTL_FACTORY/gen_rtl/idu/rtl/ct_idu_id_decd.v;C910_RTL_FACTORY/gen_rtl/idu/rtl/ct_idu_id_decd_special.v;C910_RTL_FACTORY/gen_rtl/idu/rtl/ct_idu_ir_decd.v;C910_RTL_FACTORY/gen_rtl/idu/rtl/ct_idu_rf_pipe4_decd.v
flh,Zfhmin,RV32;RV64,hdl,0,5,5,0,0,C910_RTL_FACTORY/gen_rtl/idu/rtl/ct_idu_id_decd.v;C910_RTL_FACTORY/gen_rtl/idu/rtl/ct_idu_ir_decd.v;C910_RTL_FACTORY/gen_rtl/idu/rtl/ct_idu_rf_pipe3_decd.v;C910_RTL_FACTORY/gen_rtl/ifu/rtl/ct_ifu_decd_normal.v
fsqrt.h,Zfh,RV32;RV64,hdl,0,5,5,0,0,C910_RTL_FACTORY/gen_rtl/idu/rtl/ct_idu_id_decd.v;C910_RTL_FACTORY/gen_rtl/idu/rtl/ct_idu_rf_pipe6_decd.v
mret,Sm,RV32;RV64,hdl,0,5,5,0,0,C910_RTL_FACTORY/gen_rtl/cp0/rtl/ct_cp0_iui.v;C910_RTL_FACTORY/gen_rtl/idu/rtl/ct_idu_id_decd.v;C910_RTL_FACTORY/gen_rtl/idu/rtl/ct_idu_id_decd_special.v;C910_RTL_FACTORY/gen_rtl/idu/rtl/ct_idu_rf_pipe0_decd.v
rem,M,RV32;RV64,hdl,0,5,5,0,0,C910_RTL_FACTORY/gen_rtl/idu/rtl/ct_idu_id_decd.v;C910_RTL_FACTORY/gen_rtl/idu/rtl/ct_idu_rf_pipe0_decd.v;C910_RTL_FACTORY/gen_rtl/idu/rtl/ct_idu_rf_pipe6_decd.v;C910_RTL_FACTORY/gen_rtl/idu/rtl/ct_idu_rf_pipe7_decd.v;C910_RTL_FACTORY/gen_rtl/vfdsu/rtl/ct_vfdsu_round.v
sc.d,Zalrsc,RV64,hdl,0,5,5,0,0,C910_RTL_FACTORY/gen_rtl/idu/rtl/ct_idu_id_decd.v;C910_RTL_FACTORY/gen_rtl/idu/rtl/ct_idu_ir_decd.v;C910_RTL_FACTORY/gen_rtl/idu/rtl/ct_idu_rf_pipe4_decd.v;C910_RTL_FACTORY/gen_rtl/mmu/rtl/ct_mmu_iutlb.v
sc.w,Zalrsc,RV32;RV64,hdl,0,5,5,0,0,C910_RTL_FACTORY/gen_rtl/idu/rtl/ct_idu_id_decd.v;C910_RTL_FACTORY/gen_rtl/idu/rtl/ct_idu_id_decd_special.v;C910_RTL_FACTORY/gen_rtl/idu/rtl/ct_idu_ir_decd.v;C910_RTL_FACTORY/gen_rtl/idu/rtl/ct_idu_rf_pipe4_decd.v
sh,I,RV32;RV64,hdl,0,5,5,0,0,C910_RTL_FACTORY/gen_rtl/idu/rtl/ct_idu_id_decd.v;C910_RTL_FACTORY/gen_rtl/idu/rtl/ct_idu_ir_decd.v;C910_RTL_FACTORY/gen_rtl/idu/rtl/ct_idu_rf_pipe4_decd.v;C910_RTL_FACTORY/gen_rtl/ifu/rtl/ct_ifu_decd_normal.v;C910_RTL_FACTORY/gen_rtl/mmu/rtl/ct_mmu_regs.v
sll,I,RV32;RV64,hdl,0,5,5,0,0,C910_RTL_FACTORY/gen_rtl/idu/rtl/ct_idu_id_decd.v;C910_RTL_FACTORY/gen_rtl/idu/rtl/ct_idu_id_split_long.v;C910_RTL_FACTORY/gen_rtl/idu/rtl/ct_idu_id_split_short.v;C910_RTL_FACTORY/gen_rtl/idu/rtl/ct_idu_rf_pipe0_decd.v;C910_RTL_FACTORY/gen_rtl/idu/rtl/ct_idu_rf_pipe1_decd.v
sret,S,RV32;RV64,hdl,0,5,5,0,0,C910_RTL_FACTORY/gen_rtl/cp0/rtl/ct_cp0_iui.v;C910_RTL_FACTORY/gen_rtl/idu/rtl/ct_idu_id_decd.v;C910_RTL_FACTORY/gen_rtl/idu/rtl/ct_idu_id_decd_special.v;C910_RTL_FACTORY/gen_rtl/idu/rtl/ct_idu_rf_pipe0_decd.v
amoadd.w,Zaamo,RV32;RV64,hdl,0,4,4,0,0,C910_RTL_FACTORY/gen_rtl/idu/rtl/ct_idu_id_decd.v;C910_RTL_FACTORY/gen_rtl/idu/rtl/ct_idu_id_decd_special.v;C910_RTL_FACTORY/gen_rtl/idu/rtl/ct_idu_rf_pipe3_decd.v;C910_RTL_FACTORY/gen_rtl/idu/rtl/ct_idu_rf_pipe4_decd.v
amoand.w,Zaamo,RV32;RV64,hdl,0,4,4,0,0,C910_RTL_FACTORY/gen_rtl/idu/rtl/ct_idu_id_decd.v;C910_RTL_FACTORY/gen_rtl/idu/rtl/ct_idu_id_decd_special.v;C910_RTL_FACTORY/gen_rtl/idu/rtl/ct_idu_rf_pipe3_decd.v;C910_RTL_FACTORY/gen_rtl/idu/rtl/ct_idu_rf_pipe4_decd.v
amomax.w,Zaamo,RV32;RV64,hdl,0,4,4,0,0,C910_RTL_FACTORY/gen_rtl/idu/rtl/ct_idu_id_decd.v;C910_RTL_FACTORY/gen_rtl/idu/rtl/ct_idu_id_decd_special.v;C910_RTL_FACTORY/gen_rtl/idu/rtl/ct_idu_rf_pipe3_decd.v;C910_RTL_FACTORY/gen_rtl/idu/rtl/ct_idu_rf_pipe4_decd.v
amomaxu.w,Zaamo,RV32;RV64,hdl,0,4,4,0,0,C910_RTL_FACTORY/gen_rtl/idu/rtl/ct_idu_id_decd.v;C910_RTL_FACTORY/gen_rtl/idu/rtl/ct_idu_id_decd_special.v;C910_RTL_FACTORY/gen_rtl/idu/rtl/ct_idu_rf_pipe3_decd.v;C910_RTL_FACTORY/gen_rtl/idu/rtl/ct_idu_rf_pipe4_decd.v
amomin.w,Zaamo,RV32;RV64,hdl,0,4,4,0,0,C910_RTL_FACTORY/gen_rtl/idu/rtl/ct_idu_id_decd.v;C910_RTL_FACTORY/gen_rtl/idu/rtl/ct_idu_id_decd_special.v;C910_RTL_FACTORY/gen_rtl/idu/rtl/ct_idu_rf_pipe3_decd.v;C910_RTL_FACTORY/gen_rtl/idu/rtl/ct_idu_rf_pipe4_decd.v
amominu.w,Zaamo,RV32;RV64,hdl,0,4,4,0,0,C910_RTL_FACTORY/gen_rtl/idu/rtl/ct_idu_id_decd.v;C910_RTL_FACTORY/gen_rtl/idu/rtl/ct_idu_id_decd_special.v;C910_RTL_FACTORY/gen_rtl/idu/rtl/ct_idu_rf_pipe3_decd.v;C910_RTL_FACTORY/gen_rtl/idu/rtl/ct_idu_rf_pipe4_decd.v
amoor.w,Zaamo,RV32;RV64,hdl,0,4,4,0,0,C910_RTL_FACTORY/gen_rtl/idu/rtl/ct_idu_id_decd.v;C910_RTL_FACTORY/gen_rtl/idu/rtl/ct_idu_id_decd_special.v;C910_RTL_FACTORY/gen_rtl/idu/rtl/ct_idu_rf_pipe3_decd.v;C910_RTL_FACTORY/gen_rtl/idu/rtl/ct_idu_rf_pipe4_decd.v
amoswap.w,Zaamo,RV32;RV64,hdl,0,4,4,0,0,C910_RTL_FACTORY/gen_rtl/idu/rtl/ct_idu_id_decd.v;C910_RTL_FACTORY/gen_rtl/idu/rtl/ct_idu_id_decd_special.v;C910_RTL_FACTORY/gen_rtl/idu/rtl/ct_idu_rf_pipe3_decd.v;C910_RTL_FACTORY/gen_rtl/idu/rtl/ct_idu_rf_pipe4_decd.v
amoxor.w,Zaamo,RV32;RV64,hdl,0,4,4,0,0,C910_RTL_FACTORY/gen_rtl/idu/rtl/ct_idu_id_decd.v;C910_RTL_FACTORY/gen_rtl/idu/rtl/ct_idu_id_decd_special.v;C910_RTL_FACTORY/gen_rtl/idu/rtl/ct_idu_rf_pipe3_decd.v;C910_RTL_FACTORY/gen_rtl/idu/rtl/ct_idu_rf_pipe4_decd.v
c.addi16sp,Zca,RV32;RV64,hdl,0,4,4,0,0,C910_RTL_FACTORY/gen_rtl/idu/rtl/ct_idu_id_decd.v;C910_RTL_FACTORY/gen_rtl/idu/rtl/ct_idu_rf_pipe0_decd.v;C910_RTL_FACTORY/gen_rtl/idu/rtl/ct_idu_rf_pipe1_decd.v
c.addiw,C,RV64,hdl,0,4,4,0,0,C910_RTL_FACTORY/gen_rtl/idu/rtl/ct_idu_id_decd.v;C910_RTL_FACTORY/gen_rtl/idu/rtl/ct_idu_rf_pipe0_decd.v;C910_RTL_FACTORY/gen_rtl/idu/rtl/ct_idu_rf_pipe1_decd.v
c.ld,C,RV64,hdl,0,4,4,0,0,C910_RTL_FACTORY/gen_rtl/idu/rtl/ct_idu_id_decd.v;C910_RTL_FACTORY/gen_rtl/idu/rtl/ct_idu_ir_decd.v;C910_RTL_FACTORY/gen_rtl/idu/rtl/ct_idu_rf_pipe3_decd.v;C910_RTL_FACTORY/gen_rtl/ifu/rtl/ct_ifu_decd_normal.v
c.lw,Zca,RV32;RV64,hdl,0,4,4,0,0,C910_RTL_FACTORY/gen_rtl/idu/rtl/ct_idu_id_decd.v;C910_RTL_FACTORY/gen_rtl/idu/rtl/ct_idu_ir_decd.v;C910_RTL_FACTORY/gen_rtl/idu/rtl/ct_idu_rf_pipe3_decd.v;C910_RTL_FACTORY/gen_rtl/ifu/rtl/ct_ifu_decd_normal.v
c.sd,C,RV64,hdl,0,4,4,0,0,C910_RTL_FACTORY/gen_rtl/idu/rtl/ct_idu_id_decd.v;C910_RTL_FACTORY/gen_rtl/idu/rtl/ct_idu_ir_decd.v;C910_RTL_FACTORY/gen_rtl/idu/rtl/ct_idu_rf_pipe4_decd.v;C910_RTL_FACTORY/gen_rtl/ifu/rtl/ct_ifu_decd_normal.v
c.sdsp,C,RV64,hdl,0,4,4,0,0,C910_RTL_FACTORY/gen_rtl/idu/rtl/ct_idu_id_decd.v;C910_RTL_FACTORY/gen_rtl/idu/rtl/ct_idu_ir_decd.v;C910_RTL_FACTORY/gen_rtl/idu/rtl/ct_idu_rf_pipe4_decd.v;C910_RTL_FACTORY/gen_rtl/ifu/rtl/ct_ifu_decd_normal.v
c.sw,Zca,RV32;RV64,hdl,0,4,4,0,0,C910_RTL_FACTORY/gen_rtl/idu/rtl/ct_idu_id_decd.v;C910_RTL_FACTORY/gen_rtl/idu/rtl/ct_idu_ir_decd.v;C910_RTL_FACTORY/gen_rtl/idu/rtl/ct_idu_rf_pipe4_decd.v;C910_RTL_FACTORY/gen_rtl/ifu/rtl/ct_ifu_decd_normal.v
c.swsp,Zca,RV32;RV64,hdl,0,4,4,0,0,C910_RTL_FACTORY/gen_rtl/idu/rtl/ct_idu_id_decd.v;C910_RTL_FACTORY/gen_rtl/idu/rtl/ct_idu_ir_decd.v;C910_RTL_FACTORY/gen_rtl/idu/rtl/ct_idu_rf_pipe4_decd.v;C910_RTL_FACTORY/gen_rtl/ifu/rtl/ct_ifu_decd_normal.v
fmv.h.x,Zfhmin,RV32;RV64,hdl,0,4,4,0,0,C910_RTL_FACTORY/gen_rtl/idu/rtl/ct_idu_id_decd.v;C910_RTL_FACTORY/gen_rtl/idu/rtl/ct_idu_ir_decd.v;C910_RTL_FACTORY/gen_rtl/idu/rtl/ct_idu_rf_pipe0_decd.v;C910_RTL_FACTORY/gen_rtl/idu/rtl/ct_idu_rf_pipe1_decd.v
fsh,Zfhmin,RV32;RV64,hdl,0,4,4,0,0,C910_RTL_FACTORY/gen_rtl/idu/rtl/ct_idu_id_decd.v;C910_RTL_FACTORY/gen_rtl/idu/rtl/ct_idu_ir_decd.v;C910_RTL_FACTORY/gen_rtl/idu/rtl/ct_idu_rf_pipe4_decd.v;C910_RTL_FACTORY/gen_rtl/ifu/rtl/ct_ifu_decd_normal.v
lb,I,RV32;RV64,hdl,0,4,4,0,0,C910_RTL_FACTORY/gen_rtl/idu/rtl/ct_idu_id_decd.v;C910_RTL_FACTORY/gen_rtl/idu/rtl/ct_idu_ir_decd.v;C910_RTL_FACTORY/gen_rtl/idu/rtl/ct_idu_rf_pipe3_decd.v;C910_RTL_FACTORY/gen_rtl/ifu/rtl/ct_ifu_decd_normal.v
lbu,I,RV32;RV64,hdl,0,4,4,0,0,C910_RTL_FACTORY/gen_rtl/idu/rtl/ct_idu_id_decd.v;C910_RTL_FACTORY/gen_rtl/idu/rtl/ct_idu_ir_decd.v;C910_RTL_FACTORY/gen_rtl/idu/rtl/ct_idu_rf_pipe3_decd.v;C910_RTL_FACTORY/gen_rtl/ifu/rtl/ct_ifu_decd_normal.v
lh,I,RV32;RV64,hdl,0,4,4,0,0,C910_RTL_FACTORY/gen_rtl/idu/rtl/ct_idu_id_decd.v;C910_RTL_FACTORY/gen_rtl/idu/rtl/ct_idu_ir_decd.v;C910_RTL_FACTORY/gen_rtl/idu/rtl/ct_idu_rf_pipe3_decd.v;C910_RTL_FACTORY/gen_rtl/ifu/rtl/ct_ifu_decd_normal.v
lhu,I,RV32;RV64,hdl,0,4,4,0,0,C910_RTL_FACTORY/gen_rtl/idu/rtl/ct_idu_id_decd.v;C910_RTL_FACTORY/gen_rtl/idu/rtl/ct_idu_ir_decd.v;C910_RTL_FACTORY/gen_rtl/idu/rtl/ct_idu_rf_pipe3_decd.v;C910_RTL_FACTORY/gen_rtl/ifu/rtl/ct_ifu_decd_normal.v
lw,I,RV32;RV64,hdl,0,4,4,0,0,C910_RTL_FACTORY/gen_rtl/idu/rtl/ct_idu_id_decd.v;C910_RTL_FACTORY/gen_rtl/idu/rtl/ct_idu_ir_decd.v;C910_RTL_FACTORY/gen_rtl/idu/rtl/ct_idu_rf_pipe3_decd.v;C910_RTL_FACTORY/gen_rtl/ifu/rtl/ct_ifu_decd_normal.v
lwu,I,RV64,hdl,0,4,4,0,0,C910_RTL_FACTORY/gen_rtl/idu/rtl/ct_idu_id_decd.v;C910_RTL_FACTORY/gen_rtl/idu/rtl/ct_idu_ir_decd.v;C910_RTL_FACTORY/gen_rtl/idu/rtl/ct_idu_rf_pipe3_decd.v;C910_RTL_FACTORY/gen_rtl/ifu/rtl/ct_ifu_decd_normal.v
maxu,Zbb,RV32;RV64,hdl,0,4,4,0,0,C910_RTL_FACTORY/gen_rtl/idu/rtl/ct_idu_id_split_long.v
minu,Zbb,RV32;RV64,hdl,0,4,4,0,0,C910_RTL_FACTORY/gen_rtl/idu/rtl/ct_idu_id_split_long.v
mul,M,RV32;RV64,hdl,0,4,4,0,0,C910_RTL_FACTORY/gen_rtl/idu/rtl/ct_idu_id_decd.v;C910_RTL_FACTORY/gen_rtl/idu/rtl/ct_idu_rf_pipe1_decd.v;C910_RTL_FACTORY/gen_rtl/iu/rtl/ct_iu_mult.v
mulh,M,RV32;RV64,hdl,0,4,4,0,0,C910_RTL_FACTORY/gen_rtl/idu/rtl/ct_idu_id_decd.v;C910_RTL_FACTORY/gen_rtl/idu/rtl/ct_idu_rf_pipe1_decd.v;C910_RTL_FACTORY/gen_rtl/iu/rtl/ct_iu_mult.v
mulhsu,M,RV32;RV64,hdl,0,4,4,0,0,C910_RTL_FACTORY/gen_rtl/idu/rtl/ct_idu_id_decd.v;C910_RTL_FACTORY/gen_rtl/idu/rtl/ct_idu_rf_pipe1_decd.v;C910_RTL_FACTORY/gen_rtl/iu/rtl/ct_iu_mult.v
mulhu,M,RV32;RV64,hdl,0,4,4,0,0,C910_RTL_FACTORY/gen_rtl/idu/rtl/ct_idu_id_decd.v;C910_RTL_FACTORY/gen_rtl/idu/rtl/ct_idu_rf_pipe1_decd.v;C910_RTL_FACTORY/gen_rtl/iu/rtl/ct_iu_mult.v
mulw,M,RV64,hdl,0,4,4,0,0,C910_RTL_FACTORY/gen_rtl/idu/rtl/ct_idu_id_decd.v;C910_RTL_FACTORY/gen_rtl/idu/rtl/ct_idu_rf_pipe1_decd.v;C910_RTL_FACTORY/gen_rtl/iu/rtl/ct_iu_mult.v
sb,I,RV32;RV64,hdl,0,4,4,0,0,C910_RTL_FACTORY/gen_rtl/idu/rtl/ct_idu_id_decd.v;C910_RTL_FACTORY/gen_rtl/idu/rtl/ct_idu_ir_decd.v;C910_RTL_FACTORY/gen_rtl/idu/rtl/ct_idu_rf_pipe4_decd.v;C910_RTL_FACTORY/gen_rtl/ifu/rtl/ct_ifu_decd_normal.v
sw,I,RV32;RV64,hdl,0,4,4,0,0,C910_RTL_FACTORY/gen_rtl/idu/rtl/ct_idu_id_decd.v;C910_RTL_FACTORY/gen_rtl/idu/rtl/ct_idu_ir_decd.v;C910_RTL_FACTORY/gen_rtl/idu/rtl/ct_idu_rf_pipe4_decd.v;C910_RTL_FACTORY/gen_rtl/ifu/rtl/ct_ifu_decd_normal.v
addiw,I,RV64,hdl,0,3,3,0,0,C910_RTL_FACTORY/gen_rtl/idu/rtl/ct_idu_id_decd.v;C910_RTL_FACTORY/gen_rtl/idu/rtl/ct_idu_rf_pipe0_decd.v;C910_RTL_FACTORY/gen_rtl/idu/rtl/ct_idu_rf_pipe1_decd.v
amoadd.d,Zaamo,RV64,hdl,0,3,3,0,0,C910_RTL_FACTORY/gen_rtl/idu/rtl/ct_idu_id_decd.v;C910_RTL_FACTORY/gen_rtl/idu/rtl/ct_idu_rf_pipe3_decd.v;C910_RTL_FACTORY/gen_rtl/idu/rtl/ct_idu_rf_pipe4_decd.v
amoand.d,Zaamo,RV64,hdl,0,3,3,0,0,C910_RTL_FACTORY/gen_rtl/idu/rtl/ct_idu_id_decd.v;C910_RTL_FACTORY/gen_rtl/idu/rtl/ct_idu_rf_pipe3_decd.v;C910_RTL_FACTORY/gen_rtl/idu/rtl/ct_idu_rf_pipe4_decd.v
amomax.d,Zaamo,RV64,hdl,0,3,3,0,0,C910_RTL_FACTORY/gen_rtl/idu/rtl/ct_idu_id_decd.v;C910_RTL_FACTORY/gen_rtl/idu/rtl/ct_idu_rf_pipe3_decd.v;C910_RTL_FACTORY/gen_rtl/idu/rtl/ct_idu_rf_pipe4_decd.v
amomaxu.d,Zaamo,RV64,hdl,0,3,3,0,0,C910_RTL_FACTORY/gen_rtl/idu/rtl/ct_idu_id_decd.v;C910_RTL_FACTORY/gen_rtl/idu/rtl/ct_idu_rf_pipe3_decd.v;C910_RTL_FACTORY/gen_rtl/idu/rtl/ct_idu_rf_pipe4_decd.v
amomin.d,Zaamo,RV64,hdl,0,3,3,0,0,C910_RTL_FACTORY/gen_rtl/idu/rtl/ct_idu_id_decd.v;C910_RTL_FACTORY/gen_rtl/idu/rtl/ct_idu_rf_pipe3_decd.v;C910_RTL_FACTORY/gen_rtl/idu/rtl/ct_idu_rf_pipe4_decd.v
amominu.d,Zaamo,RV64,hdl,0,3,3,0,0,C910_RTL_FACTORY/gen_rtl/idu/rtl/ct_idu_id_decd.v;C910_RTL_FACTORY/gen_rtl/idu/rtl/ct_idu_rf_pipe3_decd.v;C910_RTL_FACTORY/gen_rtl/idu/rtl/ct_idu_rf_pipe4_decd.v
amoor.d,Zaamo,RV64,hdl,0,3,3,0,0,C910_RTL_FACTORY/gen_rtl/idu/rtl/ct_idu_id_decd.v;C910_RTL_FACTORY/gen_rtl/idu/rtl/ct_idu_rf_pipe3_decd.v;C910_RTL_FACTORY/gen_rtl/idu/rtl/ct_idu_rf_pipe4_decd.v
amoswap.d,Zaamo,RV64,hdl,0,3,3,0,0,C910_RTL_FACTORY/gen_rtl/idu/rtl/ct_idu_id_decd.v;C910_RTL_FACTORY/gen_rtl/idu/rtl/ct_idu_rf_pipe3_decd.v;C910_RTL_FACTORY/gen_rtl/idu/rtl/ct_idu_rf_pipe4_decd.v
amoxor.d,Zaamo,RV64,hdl,0,3,3,0,0,C910_RTL_FACTORY/gen_rtl/idu/rtl/ct_idu_id_decd.v;C910_RTL_FACTORY/gen_rtl/idu/rtl/ct_idu_rf_pipe3_decd.v;C910_RTL_FACTORY/gen_rtl/idu/rtl/ct_idu_rf_pipe4_decd.v
andi,I,RV32;RV64,hdl,0,3,3,0,0,C910_RTL_FACTORY/gen_rtl/idu/rtl/ct_idu_id_decd.v;C910_RTL_FACTORY/gen_rtl/idu/rtl/ct_idu_rf_pipe0_decd.v;C910_RTL_FACTORY/gen_rtl/idu/rtl/ct_idu_rf_pipe1_decd.v
c.addi,Zca,RV32;RV64,hdl,0,3,3,0,0,C910_RTL_FACTORY/gen_rtl/idu/rtl/ct_idu_id_decd.v;C910_RTL_FACTORY/gen_rtl/idu/rtl/ct_idu_rf_pipe0_decd.v;C910_RTL_FACTORY/gen_rtl/idu/rtl/ct_idu_rf_pipe1_decd.v
c.addw,C,RV64,hdl,0,3,3,0,0,C910_RTL_FACTORY/gen_rtl/idu/rtl/ct_idu_id_decd.v;C910_RTL_FACTORY/gen_rtl/idu/rtl/ct_idu_rf_pipe0_decd.v;C910_RTL_FACTORY/gen_rtl/idu/rtl/ct_idu_rf_pipe1_decd.v
c.and,Zca,RV32;RV64,hdl,0,3,3,0,0,C910_RTL_FACTORY/gen_rtl/idu/rtl/ct_idu_id_decd.v;C910_RTL_FACTORY/gen_rtl/idu/rtl/ct_idu_rf_pipe0_decd.v;C910_RTL_FACTORY/gen_rtl/idu/rtl/ct_idu_rf_pipe1_decd.v
c.andi,Zca,RV32;RV64,hdl,0,3,3,0,0,C910_RTL_FACTORY/gen_rtl/idu/rtl/ct_idu_id_decd.v;C910_RTL_FACTORY/gen_rtl/idu/rtl/ct_idu_rf_pipe0_decd.v;C910_RTL_FACTORY/gen_rtl/idu/rtl/ct_idu_rf_pipe1_decd.v
c.bnez,Zca,RV32;RV64,hdl,0,3,3,0,0,C910_RTL_FACTORY/gen_rtl/idu/rtl/ct_idu_id_decd.v;C910_RTL_FACTORY/gen_rtl/idu/rtl/ct_idu_ir_decd.v;C910_RTL_FACTORY/gen_rtl/idu/rtl/ct_idu_rf_pipe2_decd.v
c.ebreak,Zca,RV32;RV64,hdl,0,3,3,0,0,C910_RTL_FACTORY/gen_rtl/idu/rtl/ct_idu_id_decd.v;C910_RTL_FACTORY/gen_rtl/idu/rtl/ct_idu_id_decd_special.v;C910_RTL_FACTORY/gen_rtl/idu/rtl/ct_idu_rf_pipe0_decd.v
c.or,Zca,RV32;RV64,hdl,0,3,3,0,0,C910_RTL_FACTORY/gen_rtl/idu/rtl/ct_idu_id_decd.v;C910_RTL_FACTORY/gen_rtl/idu/rtl/ct_idu_rf_pipe0_decd.v;C910_RTL_FACTORY/gen_rtl/idu/rtl/ct_idu_rf_pipe1_decd.v
c.slli,Zca,RV32;RV64,hdl,0,3,3,0,0,C910_RTL_FACTORY/gen_rtl/idu/rtl/ct_idu_id_decd.v;C910_RTL_FACTORY/gen_rtl/idu/rtl/ct_idu_rf_pipe0_decd.v;C910_RTL_FACTORY/gen_rtl/idu/rtl/ct_idu_rf_pipe1_decd.v
c.srai,Zca,RV32;RV64,hdl,0,3,3,0,0,C910_RTL_FACTORY/gen_rtl/idu/rtl/ct_idu_id_decd.v;C910_RTL_FACTORY/gen_rtl/idu/rtl/ct_idu_rf_pipe0_decd.v;C910_RTL_FACTORY/gen_rtl/idu/rtl/ct_idu_rf_pipe1_decd.v
c.srli,Zca,RV32;RV64,hdl,0,3,3,0,0,C910_RTL_FACTORY/gen_rtl/idu/rtl/ct_idu_id_decd.v;C910_RTL_FACTORY/gen_rtl/idu/rtl/ct_idu_rf_pipe0_decd.v;C910_RTL_FACTORY/gen_rtl/idu/rtl/ct_idu_rf_pipe1_decd.v
c.sub,Zca,RV32;RV64,hdl,0,3,3,0,0,C910_RTL_FACTORY/gen_rtl/idu/rtl/ct_idu_id_decd.v;C910_RTL_FACTORY/gen_rtl/idu/rtl/ct_idu_rf_pipe0_decd.v;C910_RTL_FACTORY/gen_rtl/idu/rtl/ct_idu_rf_pipe1_decd.v
c.subw,C,RV64,hdl,0,3,3,0,0,C910_RTL_FACTORY/gen_rtl/idu/rtl/ct_idu_id_decd.v;C910_RTL_FACTORY/gen_rtl/idu/rtl/ct_idu_rf_pipe0_decd.v;C910_RTL_FACTORY/gen_rtl/idu/rtl/ct_idu_rf_pipe1_decd.v
c.xor,Zca,RV32;RV64,hdl,0,3,3,0,0,C910_RTL_FACTORY/gen_rtl/idu/rtl/ct_idu_id_decd.v;C910_RTL_FACTORY/gen_rtl/idu/rtl/ct_idu_rf_pipe0_decd.v;C910_RTL_FACTORY/gen_rtl/idu/rtl/ct_idu_rf_pipe1_decd.v
fcvt.d.s,D,RV32;RV64,hdl,0,3,3,0,0,C910_RTL_FACTORY/gen_rtl/idu/rtl/ct_idu_id_decd.v;C910_RTL_FACTORY/gen_rtl/idu/rtl/ct_idu_rf_pipe6_decd.v;C910_RTL_FACTORY/gen_rtl/idu/rtl/ct_idu_rf_pipe7_decd.v
fcvt.s.d,D,RV32;RV64,hdl,0,3,3,0,0,C910_RTL_FACTORY/gen_rtl/idu/rtl/ct_idu_id_decd.v;C910_RTL_FACTORY/gen_rtl/idu/rtl/ct_idu_rf_pipe6_decd.v;C910_RTL_FACTORY/gen_rtl/idu/rtl/ct_idu_rf_pipe7_decd.v
fld,D,RV32;RV64,hdl,0,3,3,0,0,C910_RTL_FACTORY/gen_rtl/idu/rtl/ct_idu_id_decd.v;C910_RTL_FACTORY/gen_rtl/idu/rtl/ct_idu_ir_decd.v;C910_RTL_FACTORY/gen_rtl/idu/rtl/ct_idu_rf_pipe3_decd.v
flw,F,RV32;RV64,hdl,0,3,3,0,0,C910_RTL_FACTORY/gen_rtl/idu/rtl/ct_idu_id_decd.v;C910_RTL_FACTORY/gen_rtl/idu/rtl/ct_idu_ir_decd.v;C910_RTL_FACTORY/gen_rtl/idu/rtl/ct_idu_rf_pipe3_decd.v
fsd,D,RV32;RV64,hdl,0,3,3,0,0,C910_RTL_FACTORY/gen_rtl/idu/rtl/ct_idu_id_decd.v;C910_RTL_FACTORY/gen_rtl/idu/rtl/ct_idu_ir_decd.v;C910_RTL_FACTORY/gen_rtl/idu/rtl/ct_idu_rf_pipe4_decd.v
fsw,F,RV32;RV64,hdl,0,3,3,0,0,C910_RTL_FACTORY/gen_rtl/idu/rtl/ct_idu_id_decd.v;C910_RTL_FACTORY/gen_rtl/idu/rtl/ct_idu_ir_decd.v;C910_RTL_FACTORY/gen_rtl/idu/rtl/ct_idu_rf_pipe4_decd.v
hfence.gvma,H,RV32;RV64,hdl,0,3,3,0,0,C910_RTL_FACTORY/gen_rtl/idu/rtl/ct_idu_id_decd.v;C910_RTL_FACTORY/gen_rtl/idu/rtl/ct_idu_ir_decd.v
hfence.vvma,H,RV32;RV64,hdl,0,3,3,0,0,C910_RTL_FACTORY/gen_rtl/idu/rtl/ct_idu_id_decd.v;C910_RTL_FACTORY/gen_rtl/idu/rtl/ct_idu_ir_decd.v
ori,I,RV32;RV64,hdl,0,3,3,0,0,C910_RTL_FACTORY/gen_rtl/idu/rtl/ct_idu_id_decd.v;C910_RTL_FACTORY/gen_rtl/idu/rtl/ct_idu_rf_pipe0_decd.v;C910_RTL_FACTORY/gen_rtl/idu/rtl/ct_idu_rf_pipe1_decd.v
slli,I,RV32;RV64,hdl,0,3,3,0,0,C910_RTL_FACTORY/gen_rtl/idu/rtl/ct_idu_id_decd.v;C910_RTL_FACTORY/gen_rtl/idu/rtl/ct_idu_rf_pipe0_decd.v;C910_RTL_FACTORY/gen_rtl/idu/rtl/ct_idu_rf_pipe1_decd.v
slliw,I,RV64,hdl,0,3,3,0,0,C910_RTL_FACTORY/gen_rtl/idu/rtl/ct_idu_id_decd.v;C910_RTL_FACTORY/gen_rtl/idu/rtl/ct_idu_rf_pipe0_decd.v;C910_RTL_FACTORY/gen_rtl/idu/rtl/ct_idu_rf_pipe1_decd.v
sllw,I,RV64,hdl,0,3,3,0,0,C910_RTL_FACTORY/gen_rtl/idu/rtl/ct_idu_id_decd.v;C910_RTL_FACTORY/gen_rtl/idu/rtl/ct_idu_rf_pipe0_decd.v;C910_RTL_FACTORY/gen_rtl/idu/rtl/ct_idu_rf_pipe1_decd.v
slti,I,RV32;RV64,hdl,0,3,3,0,0,C910_RTL_FACTORY/gen_rtl/idu/rtl/ct_idu_id_decd.v;C910_RTL_FACTORY/gen_rtl/idu/rtl/ct_idu_rf_pipe0_decd.v;C910_RTL_FACTORY/gen_rtl/idu/rtl/ct_idu_rf_pipe1_decd.v
sltiu,I,RV32;RV64,hdl,0,3,3,0,0,C910_RTL_FACTORY/gen_rtl/idu/rtl/ct_idu_id_decd.v;C910_RTL_FACTORY/gen_rtl/idu/rtl/ct_idu_rf_pipe0_decd.v;C910_RTL_FACTORY/gen_rtl/idu/rtl/ct_idu_rf_pipe1_decd.v
sltu,I,RV32;RV64,hdl,0,3,3,0,0,C910_RTL_FACTORY/gen_rtl/idu/rtl/ct_idu_id_decd.v;C910_RTL_FACTORY/gen_rtl/idu/rtl/ct_idu_rf_pipe0_decd.v;C910_RTL_FACTORY/gen_rtl/idu/rtl/ct_idu_rf_pipe1_decd.v
sra,I,RV32;RV64,hdl,0,3,3,0,0,C910_RTL_FACTORY/gen_rtl/idu/rtl/ct_idu_id_decd.v;C910_RTL_FACTORY/gen_rtl/idu/rtl/ct_idu_rf_pipe0_decd.v;C910_RTL_FACTORY/gen_rtl/idu/rtl/ct_idu_rf_pipe1_decd.v
srai,I,RV32;RV64,hdl,0,3,3,0,0,C910_RTL_FACTORY/gen_rtl/idu/rtl/ct_idu_id_decd.v;C910_RTL_FACTORY/gen_rtl/idu/rtl/ct_idu_rf_pipe0_decd.v;C910_RTL_FACTORY/gen_rtl/idu/rtl/ct_idu_rf_pipe1_decd.v
sraiw,I,RV64,hdl,0,3,3,0,0,C910_RTL_FACTORY/gen_rtl/idu/rtl/ct_idu_id_decd.v;C910_RTL_FACTORY/gen_rtl/idu/rtl/ct_idu_rf_pipe0_decd.v;C910_RTL_FACTORY/gen_rtl/idu/rtl/ct_idu_rf_pipe1_decd.v
sraw,I,RV64,hdl,0,3,3,0,0,C910_RTL_FACTORY/gen_rtl/idu/rtl/ct_idu_id_decd.v;C910_RTL_FACTORY/gen_rtl/idu/rtl/ct_idu_rf_pipe0_decd.v;C910_RTL_FACTORY/gen_rtl/idu/rtl/ct_idu_rf_pipe1_decd.v
srl,I,RV32;RV64,hdl,0,3,3,0,0,C910_RTL_FACTORY/gen_rtl/idu/rtl/ct_idu_id_decd.v;C910_RTL_FACTORY/gen_rtl/idu/rtl/ct_idu_rf_pipe0_decd.v;C910_RTL_FACTORY/gen_rtl/idu/rtl/ct_idu_rf_pipe1_decd.v
srli,I,RV32;RV64,hdl,0,3,3,0,0,C910_RTL_FACTORY/gen_rtl/idu/rtl/ct_idu_id_decd.v;C910_RTL_FACTORY/gen_rtl/idu/rtl/ct_idu_rf_pipe0_decd.v;C910_RTL_FACTORY/gen_rtl/idu/rtl/ct_idu_rf_pipe1_decd.v
srliw,I,RV64,hdl,0,3,3,0,0,C910_RTL_FACTORY/gen_rtl/idu/rtl/ct_idu_id_decd.v;C910_RTL_FACTORY/gen_rtl/idu/rtl/ct_idu_rf_pipe0_decd.v;C910_RTL_FACTORY/gen_rtl/idu/rtl/ct_idu_rf_pipe1_decd.v
srlw,I,RV64,hdl,0,3,3,0,0,C910_RTL_FACTORY/gen_rtl/idu/rtl/ct_idu_id_decd.v;C910_RTL_FACTORY/gen_rtl/idu/rtl/ct_idu_rf_pipe0_decd.v;C910_RTL_FACTORY/gen_rtl/idu/rtl/ct_idu_rf_pipe1_decd.v
vaadd.vv,Zvl32b,RV32;RV64,hdl,0,3,3,0,0,C910_RTL_FACTORY/gen_rtl/idu/rtl/ct_idu_id_decd.v;C910_RTL_FACTORY/gen_rtl/idu/rtl/ct_idu_rf_pipe6_decd.v;C910_RTL_FACTORY/gen_rtl/idu/rtl/ct_idu_rf_pipe7_decd.v
vadd.vv,Zvl32b,RV32;RV64,hdl,0,3,3,0,0,C910_RTL_FACTORY/gen_rtl/idu/rtl/ct_idu_id_decd.v;C910_RTL_FACTORY/gen_rtl/idu/rtl/ct_idu_rf_pipe6_decd.v;C910_RTL_FACTORY/gen_rtl/idu/rtl/ct_idu_rf_pipe7_decd.v
vand.vv,Zvl32b,RV32;RV64,hdl,0,3,3,0,0,C910_RTL_FACTORY/gen_rtl/idu/rtl/ct_idu_id_decd.v;C910_RTL_FACTORY/gen_rtl/idu/rtl/ct_idu_rf_pipe6_decd.v;C910_RTL_FACTORY/gen_rtl/idu/rtl/ct_idu_rf_pipe7_decd.v
vasub.vv,Zvl32b,RV32;RV64,hdl,0,3,3,0,0,C910_RTL_FACTORY/gen_rtl/idu/rtl/ct_idu_id_decd.v;C910_RTL_FACTORY/gen_rtl/idu/rtl/ct_idu_rf_pipe6_decd.v;C910_RTL_FACTORY/gen_rtl/idu/rtl/ct_idu_rf_pipe7_decd.v
vdiv.vv,Zvl32b,RV32;RV64,hdl,0,3,3,0,0,C910_RTL_FACTORY/gen_rtl/idu/rtl/ct_idu_id_decd.v;C910_RTL_FACTORY/gen_rtl/idu/rtl/ct_idu_rf_pipe6_decd.v;C910_RTL_FACTORY/gen_rtl/idu/rtl/ct_idu_rf_pipe7_decd.v
vdivu.vv,Zvl32b,RV32;RV64,hdl,0,3,3,0,0,C910_RTL_FACTORY/gen_rtl/idu/rtl/ct_idu_id_decd.v;C910_RTL_FACTORY/gen_rtl/idu/rtl/ct_idu_rf_pipe6_decd.v;C910_RTL_FACTORY/gen_rtl/idu/rtl/ct_idu_rf_pipe7_decd.v
vfadd.vv,Zvl32b,RV32;RV64,hdl,0,3,3,0,0,C910_RTL_FACTORY/gen_rtl/idu/rtl/ct_idu_id_decd.v;C910_RTL_FACTORY/gen_rtl/idu/rtl/ct_idu_rf_pipe6_decd.v;C910_RTL_FACTORY/gen_rtl/idu/rtl/ct_idu_rf_pipe7_decd.v
vfcvt.f.x.v,Zvl32b,RV32;RV64,hdl,0,3,3,0,0,C910_RTL_FACTORY/gen_rtl/idu/rtl/ct_idu_id_decd.v;C910_RTL_FACTORY/gen_rtl/idu/rtl/ct_idu_id_split_long.v;C910_RTL_FACTORY/gen_rtl/idu/rtl/ct_idu_id_split_short.v
vfcvt.f.xu.v,Zvl32b,RV32;RV64,hdl,0,3,3,0,0,C910_RTL_FACTORY/gen_rtl/idu/rtl/ct_idu_id_decd.v;C910_RTL_FACTORY/gen_rtl/idu/rtl/ct_idu_id_split_long.v;C910_RTL_FACTORY/gen_rtl/idu/rtl/ct_idu_id_split_short.v
vfcvt.x.f.v,Zvl32b,RV32;RV64,hdl,0,3,3,0,0,C910_RTL_FACTORY/gen_rtl/idu/rtl/ct_idu_id_decd.v;C910_RTL_FACTORY/gen_rtl/idu/rtl/ct_idu_id_split_long.v;C910_RTL_FACTORY/gen_rtl/idu/rtl/ct_idu_id_split_short.v
vfcvt.xu.f.v,Zvl32b,RV32;RV64,hdl,0,3,3,0,0,C910_RTL_FACTORY/gen_rtl/idu/rtl/ct_idu_id_decd.v;C910_RTL_FACTORY/gen_rtl/idu/rtl/ct_idu_id_split_long.v;C910_RTL_FACTORY/gen_rtl/idu/rtl/ct_idu_id_split_short.v
vfdiv.vv,Zvl32b,RV32;RV64,hdl,0,3,3,0,0,C910_RTL_FACTORY/gen_rtl/idu/rtl/ct_idu_id_decd.v;C910_RTL_FACTORY/gen_rtl/idu/rtl/ct_idu_rf_pipe6_decd.v;C910_RTL_FACTORY/gen_rtl/idu/rtl/ct_idu_rf_pipe7_decd.v
vfmax.vv,Zvl32b,RV32;RV64,hdl,0,3,3,0,0,C910_RTL_FACTORY/gen_rtl/idu/rtl/ct_idu_id_decd.v;C910_RTL_FACTORY/gen_rtl/idu/rtl/ct_idu_rf_pipe6_decd.v;C910_RTL_FACTORY/gen_rtl/idu/rtl/ct_idu_rf_pipe7_decd.v
vfmin.vv,Zvl32b,RV32;RV64,hdl,0,3,3,0,0,C910_RTL_FACTORY/gen_rtl/idu/rtl/ct_idu_id_decd.v;C910_RTL_FACTORY/gen_rtl/idu/rtl/ct_idu_rf_pipe6_decd.v;C910_RTL_FACTORY/gen_rtl/idu/rtl/ct_idu_rf_pipe7_decd.v
vfrsub.vf,Zvl32b,RV32;RV64,hdl,0,3,3,0,0,C910_RTL_FACTORY/gen_rtl/idu/rtl/ct_idu_id_decd.v;C910_RTL_FACTORY/gen_rtl/idu/rtl/ct_idu_rf_pipe6_decd.v;C910_RTL_FACTORY/gen_rtl/idu/rtl/ct_idu_rf_pipe7_decd.v
vfsgnj.vv,Zvl32b,RV32;RV64,hdl,0,3,3,0,0,C910_RTL_FACTORY/gen_rtl/idu/rtl/ct_idu_id_decd.v;C910_RTL_FACTORY/gen_rtl/idu/rtl/ct_idu_rf_pipe6_decd.v;C910_RTL_FACTORY/gen_rtl/idu/rtl/ct_idu_rf_pipe7_decd.v
vfsgnjn.vv,Zvl32b,RV32;RV64,hdl,0,3,3,0,0,C910_RTL_FACTORY/gen_rtl/idu/rtl/ct_idu_id_decd.v;C910_RTL_FACTORY/gen_rtl/idu/rtl/ct_idu_rf_pipe6_decd.v;C910_RTL_FACTORY/gen_rtl/idu/rtl/ct_idu_rf_pipe7_decd.v
vfsgnjx.vv,Zvl32b,RV32;RV64,hdl,0,3,3,0,0,C910_RTL_FACTORY/gen_rtl/idu/rtl/ct_idu_id_decd.v;C910_RTL_FACTORY/gen_rtl/idu/rtl/ct_idu_rf_pipe6_decd.v;C910_RTL_FACTORY/gen_rtl/idu/rtl/ct_idu_rf_pipe7_decd.v
vfsub.vv,Zvl32b,RV32;RV64,hdl,0,3,3,0,0,C910_RTL_FACTORY/gen_rtl/idu/rtl/ct_idu_id_decd.v;C910_RTL_FACTORY/gen_rtl/idu/rtl/ct_idu_rf_pipe6_decd.v;C910_RTL_FACTORY/gen_rtl/idu/rtl/ct_idu_rf_pipe7_decd.v
vfwadd.vv,Zvl32b,RV32;RV64,hdl,0,3,3,0,0,C910_RTL_FACTORY/gen_rtl/idu/rtl/ct_idu_id_decd.v;C910_RTL_FACTORY/gen_rtl/idu/rtl/ct_idu_rf_pipe6_decd.v;C910_RTL_FACTORY/gen_rtl/idu/rtl/ct_idu_rf_pipe7_decd.v
vfwsub.vv,Zvl32b,RV32;RV64,hdl,0,3,3,0,0,C910_RTL_FACTORY/gen_rtl/idu/rtl/ct_idu_id_decd.v;C910_RTL_FACTORY/gen_rtl/idu/rtl/ct_idu_rf_pipe6_decd.v;C910_RTL_FACTORY/gen_rtl/idu/rtl/ct_idu_rf_pipe7_decd.v
vmacc.vv,Zvl32b,RV32;RV64,hdl,0,3,3,0,0,C910_RTL_FACTORY/gen_rtl/idu/rtl/ct_idu_id_decd.v;C910_RTL_FACTORY/gen_rtl/idu/rtl/ct_idu_rf_pipe6_decd.v;C910_RTL_FACTORY/gen_rtl/idu/rtl/ct_idu_rf_pipe7_decd.v
vmadc.vv,Zvl32b,RV32;RV64,hdl,0,3,3,0,0,C910_RTL_FACTORY/gen_rtl/idu/rtl/ct_idu_id_decd.v;C910_RTL_FACTORY/gen_rtl/idu/rtl/ct_idu_rf_pipe6_decd.v;C910_RTL_FACTORY/gen_rtl/idu/rtl/ct_idu_rf_pipe7_decd.v
vmadd.vv,Zvl32b,RV32;RV64,hdl,0,3,3,0,0,C910_RTL_FACTORY/gen_rtl/idu/rtl/ct_idu_id_decd.v;C910_RTL_FACTORY/gen_rtl/idu/rtl/ct_idu_rf_pipe6_decd.v;C910_RTL_FACTORY/gen_rtl/idu/rtl/ct_idu_rf_pipe7_decd.v
vmax.vv,Zvl32b,RV32;RV64,hdl,0,3,3,0,0,C910_RTL_FACTORY/gen_rtl/idu/rtl/ct_idu_id_decd.v;C910_RTL_FACTORY/gen_rtl/idu/rtl/ct_idu_rf_pipe6_decd.v;C910_RTL_FACTORY/gen_rtl/idu/rtl/ct_idu_rf_pipe7_decd.v
vmaxu.vv,Zvl32b,RV32;RV64,hdl,0,3,3,0,0,C910_RTL_FACTORY/gen_rtl/idu/rtl/ct_idu_id_decd.v;C910_RTL_FACTORY/gen_rtl/idu/rtl/ct_idu_rf_pipe6_decd.v;C910_RTL_FACTORY/gen_rtl/idu/rtl/ct_idu_rf_pipe7_decd.v
vmin.vv,Zvl32b,RV32;RV64,hdl,0,3,3,0,0,C910_RTL_FACTORY/gen_rtl/idu/rtl/ct_idu_id_decd.v;C910_RTL_FACTORY/gen_rtl/idu/rtl/ct_idu_rf_pipe6_decd.v;C910_RTL_FACTORY/gen_rtl/idu/rtl/ct_idu_rf_pipe7_decd.v
vminu.vv,Zvl32b,RV32;RV64,hdl,0,3,3,0,0,C910_RTL_FACTORY/gen_rtl/idu/rtl/ct_idu_id_decd.v;C910_RTL_FACTORY/gen_rtl/idu/rtl/ct_idu_rf_pipe6_decd.v;C910_RTL_FACTORY/gen_rtl/idu/rtl/ct_idu_rf_pipe7_decd.v
vmsbc.vv,Zvl32b,RV32;RV64,hdl,0,3,3,0,0,C910_RTL_FACTORY/gen_rtl/idu/rtl/ct_idu_id_decd.v;C910_RTL_FACTORY/gen_rtl/idu/rtl/ct_idu_rf_pipe6_decd.v;C910_RTL_FACTORY/gen_rtl/idu/rtl/ct_idu_rf_pipe7_decd.v
vmseq.vv,Zvl32b,RV32;RV64,hdl,0,3,3,0,0,C910_RTL_FACTORY/gen_rtl/idu/rtl/ct_idu_id_decd.v;C910_RTL_FACTORY/gen_rtl/idu/rtl/ct_idu_rf_pipe6_decd.v;C910_RTL_FACTORY/gen_rtl/idu/rtl/ct_idu_rf_pipe7_decd.v
vmsgt.vx,Zvl32b,RV32;RV64,hdl,0,3,3,0,0,C910_RTL_FACTORY/gen_rtl/idu/rtl/ct_idu_id_decd.v;C910_RTL_FACTORY/gen_rtl/idu/rtl/ct_idu_rf_pipe6_decd.v;C910_RTL_FACTORY/gen_rtl/idu/rtl/ct_idu_rf_pipe7_decd.v
vmsgtu.vx,Zvl32b,RV32;RV64,hdl,0,3,3,0,0,C910_RTL_FACTORY/gen_rtl/idu/rtl/ct_idu_id_decd.v;C910_RTL_FACTORY/gen_rtl/idu/rtl/ct_idu_rf_pipe6_decd.v;C910_RTL_FACTORY/gen_rtl/idu/rtl/ct_idu_rf_pipe7_decd.v
vmsle.vv,Zvl32b,RV32;RV64,hdl,0,3,3,0,0,C910_RTL_FACTORY/gen_rtl/idu/rtl/ct_idu_id_decd.v;C910_RTL_FACTORY/gen_rtl/idu/rtl/ct_idu_rf_pipe6_decd.v;C910_RTL_FACTORY/gen_rtl/idu/rtl/ct_idu_rf_pipe7_decd.v
vmsleu.vv,Zvl32b,RV32;RV64,hdl,0,3,3,0,0,C910_RTL_FACTORY/gen_rtl/idu/rtl/ct_idu_id_decd.v;C910_RTL_FACTORY/gen_rtl/idu/rtl/ct_idu_rf_pipe6_decd.v;C910_RTL_FACTORY/gen_rtl/idu/rtl/ct_idu_rf_pipe7_decd.v
vmslt.vv,Zvl32b,RV32;RV64,hdl,0,3,3,0,0,C910_RTL_FACTORY/gen_rtl/idu/rtl/ct_idu_id_decd.v;C910_RTL_FACTORY/gen_rtl/idu/rtl/ct_idu_rf_pipe6_decd.v;C910_RTL_FACTORY/gen_rtl/idu/rtl/ct_idu_rf_pipe7_decd.v
vmsltu.vv,Zvl32b,RV32;RV64,hdl,0,3,3,0,0,C910_RTL_FACTORY/gen_rtl/idu/rtl/ct_idu_id_decd.v;C910_RTL_FACTORY/gen_rtl/idu/rtl/ct_idu_rf_pipe6_decd.v;C910_RTL_FACTORY/gen_rtl/idu/rtl/ct_idu_rf_pipe7_decd.v
vmsne.vv,Zvl32b,RV32;RV64,hdl,0,3,3,0,0,C910_RTL_FACTORY/gen_rtl/idu/rtl/ct_idu_id_decd.v;C910_RTL_FACTORY/gen_rtl/idu/rtl/ct_idu_rf_pipe6_decd.v;C910_RTL_FACTORY/gen_rtl/idu/rtl/ct_idu_rf_pipe7_decd.v
vmul.vv,Zvl32b,RV32;RV64,hdl,0,3,3,0,0,C910_RTL_FACTORY/gen_rtl/idu/rtl/ct_idu_id_decd.v;C910_RTL_FACTORY/gen_rtl/idu/rtl/ct_idu_rf_pipe6_decd.v;C910_RTL_FACTORY/gen_rtl/idu/rtl/ct_idu_rf_pipe7_decd.v
vmulh.vv,Zvl32b,RV32;RV64,hdl,0,3,3,0,0,C910_RTL_FACTORY/gen_rtl/idu/rtl/ct_idu_id_decd.v;C910_RTL_FACTORY/gen_rtl/idu/rtl/ct_idu_rf_pipe6_decd.v;C910_RTL_FACTORY/gen_rtl/idu/rtl/ct_idu_rf_pipe7_decd.v
vmulhsu.vv,Zvl32b,RV32;RV64,hdl,0,3,3,0,0,C910_RTL_FACTORY/gen_rtl/idu/rtl/ct_idu_id_decd.v;C910_RTL_FACTORY/gen_rtl/idu/rtl/ct_idu_rf_pipe6_decd.v;C910_RTL_FACTORY/gen_rtl/idu/rtl/ct_idu_rf_pipe7_decd.v
vmulhu.vv,Zvl32b,RV32;RV64,hdl,0,3,3,0,0,C910_RTL_FACTORY/gen_rtl/idu/rtl/ct_idu_id_decd.v;C910_RTL_FACTORY/gen_rtl/idu/rtl/ct_idu_rf_pipe6_decd.v;C910_RTL_FACTORY/gen_rtl/idu/rtl/ct_idu_rf_pipe7_decd.v
vnmsac.vv,Zvl32b,RV32;RV64,hdl,0,3,3,0,0,C910_RTL_FACTORY/gen_rtl/idu/rtl/ct_idu_id_decd.v;C910_RTL_FACTORY/gen_rtl/idu/rtl/ct_idu_rf_pipe6_decd.v;C910_RTL_FACTORY/gen_rtl/idu/rtl/ct_idu_rf_pipe7_decd.v
vnmsub.vv,Zvl32b,RV32;RV64,hdl,0,3,3,0,0,C910_RTL_FACTORY/gen_rtl/idu/rtl/ct_idu_id_decd.v;C910_RTL_FACTORY/gen_rtl/idu/rtl/ct_idu_rf_pipe6_decd.v;C910_RTL_FACTORY/gen_rtl/idu/rtl/ct_idu_rf_pipe7_decd.v
vor.vv,Zvl32b,RV32;RV64,hdl,0,3,3,0,0,C910_RTL_FACTORY/gen_rtl/idu/rtl/ct_idu_id_decd.v;C910_RTL_FACTORY/gen_rtl/idu/rtl/ct_idu_rf_pipe6_decd.v;C910_RTL_FACTORY/gen_rtl/idu/rtl/ct_idu_rf_pipe7_decd.v
vrem.vv,Zvl32b,RV32;RV64,hdl,0,3,3,0,0,C910_RTL_FACTORY/gen_rtl/idu/rtl/ct_idu_id_decd.v;C910_RTL_FACTORY/gen_rtl/idu/rtl/ct_idu_rf_pipe6_decd.v;C910_RTL_FACTORY/gen_rtl/idu/rtl/ct_idu_rf_pipe7_decd.v
vremu.vv,Zvl32b,RV32;RV64,hdl,0,3,3,0,0,C910_RTL_FACTORY/gen_rtl/idu/rtl/ct_idu_id_decd.v;C910_RTL_FACTORY/gen_rtl/idu/rtl/ct_idu_rf_pipe6_decd.v;C910_RTL_FACTORY/gen_rtl/idu/rtl/ct_idu_rf_pipe7_decd.v
vrsub.vx,Zvl32b,RV32;RV64,hdl,0,3,3,0,0,C910_RTL_FACTORY/gen_rtl/idu/rtl/ct_idu_id_decd.v;C910_RTL_FACTORY/gen_rtl/idu/rtl/ct_idu_rf_pipe6_decd.v;C910_RTL_FACTORY/gen_rtl/idu/rtl/ct_idu_rf_pipe7_decd.v
vsadd.vv,Zvl32b,RV32;RV64,hdl,0,3,3,0,0,C910_RTL_FACTORY/gen_rtl/idu/rtl/ct_idu_id_decd.v;C910_RTL_FACTORY/gen_rtl/idu/rtl/ct_idu_rf_pipe6_decd.v;C910_RTL_FACTORY/gen_rtl/idu/rtl/ct_idu_rf_pipe7_decd.v
vsaddu.vv,Zvl32b,RV32;RV64,hdl,0,3,3,0,0,C910_RTL_FACTORY/gen_rtl/idu/rtl/ct_idu_id_decd.v;C910_RTL_FACTORY/gen_rtl/idu/rtl/ct_idu_rf_pipe6_decd.v;C910_RTL_FACTORY/gen_rtl/idu/rtl/ct_idu_rf_pipe7_decd.v
vslide1down.vx,Zvl32b,RV32;RV64,hdl,0,3,3,0,0,C910_RTL_FACTORY/gen_rtl/idu/rtl/ct_idu_id_decd.v;C910_RTL_FACTORY/gen_rtl/idu/rtl/ct_idu_rf_pipe6_decd.v;C910_RTL_FACTORY/gen_rtl/idu/rtl/ct_idu_rf_pipe7_decd.v
vslide1up.vx,Zvl32b,RV32;RV64,hdl,0,3,3,0,0,C910_RTL_FACTORY/gen_rtl/idu/rtl/ct_idu_id_decd.v;C910_RTL_FACTORY/gen_rtl/idu/rtl/ct_idu_rf_pipe6_decd.v;C910_RTL_FACTORY/gen_rtl/idu/rtl/ct_idu_rf_pipe7_decd.v
vslidedown.vx,Zvl32b,RV32;RV64,hdl,0,3,3,0,0,C910_RTL_FACTORY/gen_rtl/idu/rtl/ct_idu_id_decd.v;C910_RTL_FACTORY/gen_rtl/idu/rtl/ct_idu_rf_pipe6_decd.v;C910_RTL_FACTORY/gen_rtl/idu/rtl/ct_idu_rf_pipe7_decd.v
vslideup.vx,Zvl32b,RV32;RV64,hdl,0,3,3,0,0,C910_RTL_FACTORY/gen_rtl/idu/rtl/ct_idu_id_decd.v;C910_RTL_FACTORY/gen_rtl/idu/rtl/ct_idu_rf_pipe6_decd.v;C910_RTL_FACTORY/gen_rtl/idu/rtl/ct_idu_rf_pipe7_decd.v
vsll.vv,Zvl32b,RV32;RV64,hdl,0,3,3,0,0,C910_RTL_FACTORY/gen_rtl/idu/rtl/ct_idu_id_decd.v;C910_RTL_FACTORY/gen_rtl/idu/rtl/ct_idu_rf_pipe6_decd.v;C910_RTL_FACTORY/gen_rtl/idu/rtl/ct_idu_rf_pipe7_decd.v
vsmul.vv,Zvl32b,RV32;RV64,hdl,0,3,3,0,0,C910_RTL_FACTORY/gen_rtl/idu/rtl/ct_idu_id_decd.v;C910_RTL_FACTORY/gen_rtl/idu/rtl/ct_idu_rf_pipe6_decd.v;C910_RTL_FACTORY/gen_rtl/idu/rtl/ct_idu_rf_pipe7_decd.v
vsra.vv,Zvl32b,RV32;RV64,hdl,0,3,3,0,0,C910_RTL_FACTORY/gen_rtl/idu/rtl/ct_idu_id_decd.v;C910_RTL_FACTORY/gen_rtl/idu/rtl/ct_idu_rf_pipe6_decd.v;C910_RTL_FACTORY/gen_rtl/idu/rtl/ct_idu_rf_pipe7_decd.v
vsrl.vv,Zvl32b,RV32;RV64,hdl,0,3,3,0,0,C910_RTL_FACTORY/gen_rtl/idu/rtl/ct_idu_id_decd.v;C910_RTL_FACTORY/gen_rtl/idu/rtl/ct_idu_rf_pipe6_decd.v;C910_RTL_FACTORY/gen_rtl/idu/rtl/ct_idu_rf_pipe7_decd.v
vssra.vv,Zvl32b,RV32;RV64,hdl,0,3,3,0,0,C910_RTL_FACTORY/gen_rtl/idu/rtl/ct_idu_id_decd.v;C910_RTL_FACTORY/gen_rtl/idu/rtl/ct_idu_rf_pipe6_decd.v;C910_RTL_FACTORY/gen_rtl/idu/rtl/ct_idu_rf_pipe7_decd.v
vssrl.vv,Zvl32b,RV32;RV64,hdl,0,3,3,0,0,C910_RTL_FACTORY/gen_rtl/idu/rtl/ct_idu_id_decd.v;C910_RTL_FACTORY/gen_rtl/idu/rtl/ct_idu_rf_pipe6_decd.v;C910_RTL_FACTORY/gen_rtl/idu/rtl/ct_idu_rf_pipe7_decd.v
vssub.vv,Zvl32b,RV32;RV64,hdl,0,3,3,0,0,C910_RTL_FACTORY/gen_rtl/idu/rtl/ct_idu_id_decd.v;C910_RTL_FACTORY/gen_rtl/idu/rtl/ct_idu_rf_pipe6_decd.v;C910_RTL_FACTORY/gen_rtl/idu/rtl/ct_idu_rf_pipe7_decd.v
vssubu.vv,Zvl32b,RV32;RV64,hdl,0,3,3,0,0,C910_RTL_FACTORY/gen_rtl/idu/rtl/ct_idu_id_decd.v;C910_RTL_FACTORY/gen_rtl/idu/rtl/ct_idu_rf_pipe6_decd.v;C910_RTL_FACTORY/gen_rtl/idu/rtl/ct_idu_rf_pipe7_decd.v
vsub.vv,Zvl32b,RV32;RV64,hdl,0,3,3,0,0,C910_RTL_FACTORY/gen_rtl/idu/rtl/ct_idu_id_decd.v;C910_RTL_FACTORY/gen_rtl/idu/rtl/ct_idu_rf_pipe6_decd.v;C910_RTL_FACTORY/gen_rtl/idu/rtl/ct_idu_rf_pipe7_decd.v
vwadd.vv,Zvl32b,RV32;RV64,hdl,0,3,3,0,0,C910_RTL_FACTORY/gen_rtl/idu/rtl/ct_idu_id_decd.v;C910_RTL_FACTORY/gen_rtl/idu/rtl/ct_idu_rf_pipe6_decd.v;C910_RTL_FACTORY/gen_rtl/idu/rtl/ct_idu_rf_pipe7_decd.v
vwaddu.vv,Zvl32b,RV32;RV64,hdl,0,3,3,0,0,C910_RTL_FACTORY/gen_rtl/idu/rtl/ct_idu_id_decd.v;C910_RTL_FACTORY/gen_rtl/idu/rtl/ct_idu_rf_pipe6_decd.v;C910_RTL_FACTORY/gen_rtl/idu/rtl/ct_idu_rf_pipe7_decd.v
vwmacc.vv,Zvl32b,RV32;RV64,hdl,0,3,3,0,0,C910_RTL_FACTORY/gen_rtl/idu/rtl/ct_idu_id_decd.v;C910_RTL_FACTORY/gen_rtl/idu/rtl/ct_idu_rf_pipe6_decd.v;C910_RTL_FACTORY/gen_rtl/idu/rtl/ct_idu_rf_pipe7_decd.v
vwmaccsu.vv,Zvl32b,RV32;RV64,hdl,0,3,3,0,0,C910_RTL_FACTORY/gen_rtl/idu/rtl/ct_idu_id_decd.v;C910_RTL_FACTORY/gen_rtl/idu/rtl/ct_idu_rf_pipe6_decd.v;C910_RTL_FACTORY/gen_rtl/idu/rtl/ct_idu_rf_pipe7_decd.v
vwmaccu.vv,Zvl32b,RV32;RV64,hdl,0,3,3,0,0,C910_RTL_FACTORY/gen_rtl/idu/rtl/ct_idu_id_decd.v;C910_RTL_FACTORY/gen_rtl/idu/rtl/ct_idu_rf_pipe6_decd.v;C910_RTL_FACTORY/gen_rtl/idu/rtl/ct_idu_rf_pipe7_decd.v
vwmaccus.vx,Zvl32b,RV32;RV64,hdl,0,3,3,0,0,C910_RTL_FACTORY/gen_rtl/idu/rtl/ct_idu_id_decd.v;C910_RTL_FACTORY/gen_rtl/idu/rtl/ct_idu_rf_pipe6_decd.v;C910_RTL_FACTORY/gen_rtl/idu/rtl/ct_idu_rf_pipe7_decd.v
vwmul.vv,Zvl32b,RV32;RV64,hdl,0,3,3,0,0,C910_RTL_FACTORY/gen_rtl/idu/rtl/ct_idu_id_decd.v;C910_RTL_FACTORY/gen_rtl/idu/rtl/ct_idu_rf_pipe6_decd.v;C910_RTL_FACTORY/gen_rtl/idu/rtl/ct_idu_rf_pipe7_decd.v
vwmulsu.vv,Zvl32b,RV32;RV64,hdl,0,3,3,0,0,C910_RTL_FACTORY/gen_rtl/idu/rtl/ct_idu_id_decd.v;C910_RTL_FACTORY/gen_rtl/idu/rtl/ct_idu_rf_pipe6_decd.v;C910_RTL_FACTORY/gen_rtl/idu/rtl/ct_idu_rf_pipe7_decd.v
vwmulu.vv,Zvl32b,RV32;RV64,hdl,0,3,3,0,0,C910_RTL_FACTORY/gen_rtl/idu/rtl/ct_idu_id_decd.v;C910_RTL_FACTORY/gen_rtl/idu/rtl/ct_idu_rf_pipe6_decd.v;C910_RTL_FACTORY/gen_rtl/idu/rtl/ct_idu_rf_pipe7_decd.v
vwsub.vv,Zvl32b,RV32;RV64,hdl,0,3,3,0,0,C910_RTL_FACTORY/gen_rtl/idu/rtl/ct_idu_id_decd.v;C910_RTL_FACTORY/gen_rtl/idu/rtl/ct_idu_rf_pipe6_decd.v;C910_RTL_FACTORY/gen_rtl/idu/rtl/ct_idu_rf_pipe7_decd.v
vwsubu.vv,Zvl32b,RV32;RV64,hdl,0,3,3,0,0,C910_RTL_FACTORY/gen_rtl/idu/rtl/ct_idu_id_decd.v;C910_RTL_FACTORY/gen_rtl/idu/rtl/ct_idu_rf_pipe6_decd.v;C910_RTL_FACTORY/gen_rtl/idu/rtl/ct_idu_rf_pipe7_decd.v
vxor.vv,Zvl32b,RV32;RV64,hdl,0,3,3,0,0,C910_RTL_FACTORY/gen_rtl/idu/rtl/ct_idu_id_decd.v;C910_RTL_FACTORY/gen_rtl/idu/rtl/ct_idu_rf_pipe6_decd.v;C910_RTL_FACTORY/gen_rtl/idu/rtl/ct_idu_rf_pipe7_decd.v
xori,I,RV32;RV64,hdl,0,3,3,0,0,C910_RTL_FACTORY/gen_rtl/idu/rtl/ct_idu_id_decd.v;C910_RTL_FACTORY/gen_rtl/idu/rtl/ct_idu_rf_pipe0_decd.v;C910_RTL_FACTORY/gen_rtl/idu/rtl/ct_idu_rf_pipe1_decd.v
c.add,Zca,RV32;RV64,hdl,0,2,2,0,0,C910_RTL_FACTORY/gen_rtl/idu/rtl/ct_idu_rf_pipe0_decd.v;C910_RTL_FACTORY/gen_rtl/idu/rtl/ct_idu_rf_pipe1_decd.v
divu,M,RV32;RV64,hdl,0,2,2,0,0,C910_RTL_FACTORY/gen_rtl/idu/rtl/ct_idu_id_decd.v;C910_RTL_FACTORY/gen_rtl/idu/rtl/ct_idu_rf_pipe0_decd.v
divuw,M,RV64,hdl,0,2,2,0,0,C910_RTL_FACTORY/gen_rtl/idu/rtl/ct_idu_id_decd.v;C910_RTL_FACTORY/gen_rtl/idu/rtl/ct_idu_rf_pipe0_decd.v
divw,M,RV64,hdl,0,2,2,0,0,C910_RTL_FACTORY/gen_rtl/idu/rtl/ct_idu_id_decd.v;C910_RTL_FACTORY/gen_rtl/idu/rtl/ct_idu_rf_pipe0_decd.v
fmv.x.h,Zfhmin,RV32;RV64,hdl,0,2,2,0,0,C910_RTL_FACTORY/gen_rtl/idu/rtl/ct_idu_id_decd.v;C910_RTL_FACTORY/gen_rtl/idu/rtl/ct_idu_ir_decd.v
remu,M,RV32;RV64,hdl,0,2,2,0,0,C910_RTL_FACTORY/gen_rtl/idu/rtl/ct_idu_id_decd.v;C910_RTL_FACTORY/gen_rtl/idu/rtl/ct_idu_rf_pipe0_decd.v
remuw,M,RV64,hdl,0,2,2,0,0,C910_RTL_FACTORY/gen_rtl/idu/rtl/ct_idu_id_decd.v;C910_RTL_FACTORY/gen_rtl/idu/rtl/ct_idu_rf_pipe0_decd.v
remw,M,RV64,hdl,0,2,2,0,0,C910_RTL_FACTORY/gen_rtl/idu/rtl/ct_idu_id_decd.v;C910_RTL_FACTORY/gen_rtl/idu/rtl/ct_idu_rf_pipe0_decd.v
vfwadd.wv,Zvl32b,RV32;RV64,hdl,0,2,2,0,0,C910_RTL_FACTORY/gen_rtl/idu/rtl/ct_idu_rf_pipe6_decd.v;C910_RTL_FACTORY/gen_rtl/idu/rtl/ct_idu_rf_pipe7_decd.v
vfwcvt.f.f.v,Zvl32b,RV32;RV64,hdl,0,2,2,0,0,C910_RTL_FACTORY/gen_rtl/idu/rtl/ct_idu_id_split_long.v;C910_RTL_FACTORY/gen_rtl/idu/rtl/ct_idu_id_split_short.v
vfwcvt.f.x.v,Zvl32b,RV32;RV64,hdl,0,2,2,0,0,C910_RTL_FACTORY/gen_rtl/idu/rtl/ct_idu_id_split_long.v;C910_RTL_FACTORY/gen_rtl/idu/rtl/ct_idu_id_split_short.v
vfwcvt.f.xu.v,Zvl32b,RV32;RV64,hdl,0,2,2,0,0,C910_RTL_FACTORY/gen_rtl/idu/rtl/ct_idu_id_split_long.v;C910_RTL_FACTORY/gen_rtl/idu/rtl/ct_idu_id_split_short.v
vfwcvt.x.f.v,Zvl32b,RV32;RV64,hdl,0,2,2,0,0,C910_RTL_FACTORY/gen_rtl/idu/rtl/ct_idu_id_split_long.v;C910_RTL_FACTORY/gen_rtl/idu/rtl/ct_idu_id_split_short.v
vfwcvt.xu.f.v,Zvl32b,RV32;RV64,hdl,0,2,2,0,0,C910_RTL_FACTORY/gen_rtl/idu/rtl/ct_idu_id_split_long.v;C910_RTL_FACTORY/gen_rtl/idu/rtl/ct_idu_id_split_short.v
vfwsub.wv,Zvl32b,RV32;RV64,hdl,0,2,2,0,0,C910_RTL_FACTORY/gen_rtl/idu/rtl/ct_idu_rf_pipe6_decd.v;C910_RTL_FACTORY/gen_rtl/idu/rtl/ct_idu_rf_pipe7_decd.v
vmv.v.x,Zvl32b,RV32;RV64,hdl,0,2,2,0,0,C910_RTL_FACTORY/gen_rtl/idu/rtl/ct_idu_id_split_long.v;C910_RTL_FACTORY/gen_rtl/idu/rtl/ct_idu_ir_decd.v
csrrci,Zicsr,RV32;RV64,hdl,0,1,1,0,0,C910_RTL_FACTORY/gen_rtl/cp0/rtl/ct_cp0_iui.v
csrrsi,Zicsr,RV32;RV64,hdl,0,1,1,0,0,C910_RTL_FACTORY/gen_rtl/cp0/rtl/ct_cp0_iui.v
csrrwi,Zicsr,RV32;RV64,hdl,0,1,1,0,0,C910_RTL_FACTORY/gen_rtl/cp0/rtl/ct_cp0_iui.v
fcvt.d.h,Zfh,RV32;RV64,hdl,0,1,1,0,0,C910_RTL_FACTORY/gen_rtl/idu/rtl/ct_idu_id_decd.v
fcvt.d.l,D,RV64,hdl,0,1,1,0,0,C910_RTL_FACTORY/gen_rtl/idu/rtl/ct_idu_id_decd.v
fcvt.d.lu,D,RV64,hdl,0,1,1,0,0,C910_RTL_FACTORY/gen_rtl/idu/rtl/ct_idu_id_decd.v
fcvt.d.w,D,RV32;RV64,hdl,0,1,1,0,0,C910_RTL_FACTORY/gen_rtl/idu/rtl/ct_idu_id_decd.v
fcvt.d.wu,D,RV32;RV64,hdl,0,1,1,0,0,C910_RTL_FACTORY/gen_rtl/idu/rtl/ct_idu_id_decd.v
fcvt.h.d,Zfh,RV32;RV64,hdl,0,1,1,0,0,C910_RTL_FACTORY/gen_rtl/idu/rtl/ct_idu_id_decd.v
fcvt.h.l,Zfh,RV64,hdl,0,1,1,0,0,C910_RTL_FACTORY/gen_rtl/idu/rtl/ct_idu_id_decd.v
fcvt.h.lu,Zfh,RV64,hdl,0,1,1,0,0,C910_RTL_FACTORY/gen_rtl/idu/rtl/ct_idu_id_decd.v
fcvt.h.s,Zfh,RV32;RV64,hdl,0,1,1,0,0,C910_RTL_FACTORY/gen_rtl/idu/rtl/ct_idu_id_decd.v
fcvt.h.w,Zfh,RV32;RV64,hdl,0,1,1,0,0,C910_RTL_FACTORY/gen_rtl/idu/rtl/ct_idu_id_decd.v
fcvt.h.wu,Zfh,RV32;RV64,hdl,0,1,1,0,0,C910_RTL_FACTORY/gen_rtl/idu/rtl/ct_idu_id_decd.v
fcvt.l.d,D,RV64,hdl,0,1,1,0,0,C910_RTL_FACTORY/gen_rtl/idu/rtl/ct_idu_id_decd.v
fcvt.l.h,Zfh,RV64,hdl,0,1,1,0,0,C910_RTL_FACTORY/gen_rtl/idu/rtl/ct_idu_id_decd.v
fcvt.l.s,F,RV64,hdl,0,1,1,0,0,C910_RTL_FACTORY/gen_rtl/idu/rtl/ct_idu_id_decd.v
fcvt.lu.d,D,RV64,hdl,0,1,1,0,0,C910_RTL_FACTORY/gen_rtl/idu/rtl/ct_idu_id_decd.v
fcvt.lu.h,Zfh,RV64,hdl,0,1,1,0,0,C910_RTL_FACTORY/gen_rtl/idu/rtl/ct_idu_id_decd.v
fcvt.lu.s,F,RV64,hdl,0,1,1,0,0,C910_RTL_FACTORY/gen_rtl/idu/rtl/ct_idu_id_decd.v
fcvt.s.h,Zfh,RV32;RV64,hdl,0,1,1,0,0,C910_RTL_FACTORY/gen_rtl/idu/rtl/ct_idu_id_decd.v
fcvt.s.l,F,RV64,hdl,0,1,1,0,0,C910_RTL_FACTORY/gen_rtl/idu/rtl/ct_idu_id_decd.v
fcvt.s.lu,F,RV64,hdl,0,1,1,0,0,C910_RTL_FACTORY/gen_rtl/idu/rtl/ct_idu_id_decd.v
fcvt.s.w,F,RV32;RV64,hdl,0,1,1,0,0,C910_RTL_FACTORY/gen_rtl/idu/rtl/ct_idu_id_decd.v
fcvt.s.wu,F,RV32;RV64,hdl,0,1,1,0,0,C910_RTL_FACTORY/gen_rtl/idu/rtl/ct_idu_id_decd.v
fcvt.w.d,D,RV32;RV64,hdl,0,1,1,0,0,C910_RTL_FACTORY/gen_rtl/idu/rtl/ct_idu_id_decd.v
fcvt.w.h,Zfh,RV32;RV64,hdl,0,1,1,0,0,C910_RTL_FACTORY/gen_rtl/idu/rtl/ct_idu_id_decd.v
fcvt.w.s,F,RV32;RV64,hdl,0,1,1,0,0,C910_RTL_FACTORY/gen_rtl/idu/rtl/ct_idu_id_decd.v
fcvt.wu.d,D,RV32;RV64,hdl,0,1,1,0,0,C910_RTL_FACTORY/gen_rtl/idu/rtl/ct_idu_id_decd.v
fcvt.wu.h,Zfh,RV32;RV64,hdl,0,1,1,0,0,C910_RTL_FACTORY/gen_rtl/idu/rtl/ct_idu_id_decd.v
fcvt.wu.s,F,RV32;RV64,hdl,0,1,1,0,0,C910_RTL_FACTORY/gen_rtl/idu/rtl/ct_idu_id_decd.v
vaadd.vx,Zvl32b,RV32;RV64,hdl,0,1,1,0,0,C910_RTL_FACTORY/gen_rtl/idu/rtl/ct_idu_id_decd.v
vadd.vi,Zvl32b,RV32;RV64,hdl,0,1,1,0,0,C910_RTL_FACTORY/gen_rtl/idu/rtl/ct_idu_id_decd.v
vadd.vx,Zvl32b,RV32;RV64,hdl,0,1,1,0,0,C910_RTL_FACTORY/gen_rtl/idu/rtl/ct_idu_id_decd.v
vand.vi,Zvl32b,RV32;RV64,hdl,0,1,1,0,0,C910_RTL_FACTORY/gen_rtl/idu/rtl/ct_idu_id_decd.v
vand.vx,Zvl32b,RV32;RV64,hdl,0,1,1,0,0,C910_RTL_FACTORY/gen_rtl/idu/rtl/ct_idu_id_decd.v
vasub.vx,Zvl32b,RV32;RV64,hdl,0,1,1,0,0,C910_RTL_FACTORY/gen_rtl/idu/rtl/ct_idu_id_decd.v
vdiv.vx,Zvl32b,RV32;RV64,hdl,0,1,1,0,0,C910_RTL_FACTORY/gen_rtl/idu/rtl/ct_idu_id_decd.v
vdivu.vx,Zvl32b,RV32;RV64,hdl,0,1,1,0,0,C910_RTL_FACTORY/gen_rtl/idu/rtl/ct_idu_id_decd.v
vfadd.vf,Zvl32b,RV32;RV64,hdl,0,1,1,0,0,C910_RTL_FACTORY/gen_rtl/idu/rtl/ct_idu_id_decd.v
vfdiv.vf,Zvl32b,RV32;RV64,hdl,0,1,1,0,0,C910_RTL_FACTORY/gen_rtl/idu/rtl/ct_idu_id_decd.v
vfmacc.vf,Zvl32b,RV32;RV64,hdl,0,1,1,0,0,C910_RTL_FACTORY/gen_rtl/idu/rtl/ct_idu_id_decd.v
vfmacc.vv,Zvl32b,RV32;RV64,hdl,0,1,1,0,0,C910_RTL_FACTORY/gen_rtl/idu/rtl/ct_idu_id_decd.v
vfmadd.vf,Zvl32b,RV32;RV64,hdl,0,1,1,0,0,C910_RTL_FACTORY/gen_rtl/idu/rtl/ct_idu_id_decd.v
vfmadd.vv,Zvl32b,RV32;RV64,hdl,0,1,1,0,0,C910_RTL_FACTORY/gen_rtl/idu/rtl/ct_idu_id_decd.v
vfmax.vf,Zvl32b,RV32;RV64,hdl,0,1,1,0,0,C910_RTL_FACTORY/gen_rtl/idu/rtl/ct_idu_id_decd.v
vfmerge.vfm,Zvl32b,RV32;RV64,hdl,0,1,1,0,0,C910_RTL_FACTORY/gen_rtl/idu/rtl/ct_idu_id_decd.v
vfmin.vf,Zvl32b,RV32;RV64,hdl,0,1,1,0,0,C910_RTL_FACTORY/gen_rtl/idu/rtl/ct_idu_id_decd.v
vfmsac.vf,Zvl32b,RV32;RV64,hdl,0,1,1,0,0,C910_RTL_FACTORY/gen_rtl/idu/rtl/ct_idu_id_decd.v
vfmsac.vv,Zvl32b,RV32;RV64,hdl,0,1,1,0,0,C910_RTL_FACTORY/gen_rtl/idu/rtl/ct_idu_id_decd.v
vfmsub.vf,Zvl32b,RV32;RV64,hdl,0,1,1,0,0,C910_RTL_FACTORY/gen_rtl/idu/rtl/ct_idu_id_decd.v
vfmsub.vv,Zvl32b,RV32;RV64,hdl,0,1,1,0,0,C910_RTL_FACTORY/gen_rtl/idu/rtl/ct_idu_id_decd.v
vfmul.vf,Zvl32b,RV32;RV64,hdl,0,1,1,0,0,C910_RTL_FACTORY/gen_rtl/idu/rtl/ct_idu_id_decd.v
vfmul.vv,Zvl32b,RV32;RV64,hdl,0,1,1,0,0,C910_RTL_FACTORY/gen_rtl/idu/rtl/ct_idu_id_decd.v
vfnmacc.vf,Zvl32b,RV32;RV64,hdl,0,1,1,0,0,C910_RTL_FACTORY/gen_rtl/idu/rtl/ct_idu_id_decd.v
vfnmacc.vv,Zvl32b,RV32;RV64,hdl,0,1,1,0,0,C910_RTL_FACTORY/gen_rtl/idu/rtl/ct_idu_id_decd.v
vfnmadd.vf,Zvl32b,RV32;RV64,hdl,0,1,1,0,0,C910_RTL_FACTORY/gen_rtl/idu/rtl/ct_idu_id_decd.v
vfnmadd.vv,Zvl32b,RV32;RV64,hdl,0,1,1,0,0,C910_RTL_FACTORY/gen_rtl/idu/rtl/ct_idu_id_decd.v
vfnmsac.vf,Zvl32b,RV32;RV64,hdl,0,1,1,0,0,C910_RTL_FACTORY/gen_rtl/idu/rtl/ct_idu_id_decd.v
vfnmsac.vv,Zvl32b,RV32;RV64,hdl,0,1,1,0,0,C910_RTL_FACTORY/gen_rtl/idu/rtl/ct_idu_id_decd.v
vfnmsub.vf,Zvl32b,RV32;RV64,hdl,0,1,1,0,0,C910_RTL_FACTORY/gen_rtl/idu/rtl/ct_idu_id_decd.v
vfnmsub.vv,Zvl32b,RV32;RV64,hdl,0,1,1,0,0,C910_RTL_FACTORY/gen_rtl/idu/rtl/ct_idu_id_decd.v
vfrdiv.vf,Zvl32b,RV32;RV64,hdl,0,1,1,0,0,C910_RTL_FACTORY/gen_rtl/idu/rtl/ct_idu_id_decd.v
vfsgnj.vf,Zvl32b,RV32;RV64,hdl,0,1,1,0,0,C910_RTL_FACTORY/gen_rtl/idu/rtl/ct_idu_id_decd.v
vfsgnjn.vf,Zvl32b,RV32;RV64,hdl,0,1,1,0,0,C910_RTL_FACTORY/gen_rtl/idu/rtl/ct_idu_id_decd.v
vfsgnjx.vf,Zvl32b,RV32;RV64,hdl,0,1,1,0,0,C910_RTL_FACTORY/gen_rtl/idu/rtl/ct_idu_id_decd.v
vfsub.vf,Zvl32b,RV32;RV64,hdl,0,1,1,0,0,C910_RTL_FACTORY/gen_rtl/idu/rtl/ct_idu_id_decd.v
vfwadd.vf,Zvl32b,RV32;RV64,hdl,0,1,1,0,0,C910_RTL_FACTORY/gen_rtl/idu/rtl/ct_idu_id_decd.v
vfwmacc.vf,Zvl32b,RV32;RV64,hdl,0,1,1,0,0,C910_RTL_FACTORY/gen_rtl/idu/rtl/ct_idu_id_decd.v
vfwmacc.vv,Zvl32b,RV32;RV64,hdl,0,1,1,0,0,C910_RTL_FACTORY/gen_rtl/idu/rtl/ct_idu_id_decd.v
vfwmsac.vv,Zvl32b,RV32;RV64,hdl,0,1,1,0,0,C910_RTL_FACTORY/gen_rtl/idu/rtl/ct_idu_id_decd.v
vfwmul.vf,Zvl32b,RV32;RV64,hdl,0,1,1,0,0,C910_RTL_FACTORY/gen_rtl/idu/rtl/ct_idu_id_decd.v
vfwmul.vv,Zvl32b,RV32;RV64,hdl,0,1,1,0,0,C910_RTL_FACTORY/gen_rtl/idu/rtl/ct_idu_id_decd.v
vfwnmacc.vf,Zvl32b,RV32;RV64,hdl,0,1,1,0,0,C910_RTL_FACTORY/gen_rtl/idu/rtl/ct_idu_id_decd.v
vfwnmacc.vv,Zvl32b,RV32;RV64,hdl,0,1,1,0,0,C910_RTL_FACTORY/gen_rtl/idu/rtl/ct_idu_id_decd.v
vfwsub.vf,Zvl32b,RV32;RV64,hdl,0,1,1,0,0,C910_RTL_FACTORY/gen_rtl/idu/rtl/ct_idu_id_decd.v
vmacc.vx,Zvl32b,RV32;RV64,hdl,0,1,1,0,0,C910_RTL_FACTORY/gen_rtl/idu/rtl/ct_idu_id_decd.v
vmadc.vi,Zvl32b,RV32;RV64,hdl,0,1,1,0,0,C910_RTL_FACTORY/gen_rtl/idu/rtl/ct_idu_id_decd.v
vmadc.vx,Zvl32b,RV32;RV64,hdl,0,1,1,0,0,C910_RTL_FACTORY/gen_rtl/idu/rtl/ct_idu_id_decd.v
vmadd.vx,Zvl32b,RV32;RV64,hdl,0,1,1,0,0,C910_RTL_FACTORY/gen_rtl/idu/rtl/ct_idu_id_decd.v
vmax.vx,Zvl32b,RV32;RV64,hdl,0,1,1,0,0,C910_RTL_FACTORY/gen_rtl/idu/rtl/ct_idu_id_decd.v
vmaxu.vx,Zvl32b,RV32;RV64,hdl,0,1,1,0,0,C910_RTL_FACTORY/gen_rtl/idu/rtl/ct_idu_id_decd.v
vmfeq.vf,Zvl32b,RV32;RV64,hdl,0,1,1,0,0,C910_RTL_FACTORY/gen_rtl/idu/rtl/ct_idu_id_decd.v
vmfeq.vv,Zvl32b,RV32;RV64,hdl,0,1,1,0,0,C910_RTL_FACTORY/gen_rtl/idu/rtl/ct_idu_id_decd.v
vmfle.vf,Zvl32b,RV32;RV64,hdl,0,1,1,0,0,C910_RTL_FACTORY/gen_rtl/idu/rtl/ct_idu_id_decd.v
vmfle.vv,Zvl32b,RV32;RV64,hdl,0,1,1,0,0,C910_RTL_FACTORY/gen_rtl/idu/rtl/ct_idu_id_decd.v
vmflt.vf,Zvl32b,RV32;RV64,hdl,0,1,1,0,0,C910_RTL_FACTORY/gen_rtl/idu/rtl/ct_idu_id_decd.v
vmflt.vv,Zvl32b,RV32;RV64,hdl,0,1,1,0,0,C910_RTL_FACTORY/gen_rtl/idu/rtl/ct_idu_id_decd.v
vmfne.vv,Zvl32b,RV32;RV64,hdl,0,1,1,0,0,C910_RTL_FACTORY/gen_rtl/idu/rtl/ct_idu_id_decd.v
vmin.vx,Zvl32b,RV32;RV64,hdl,0,1,1,0,0,C910_RTL_FACTORY/gen_rtl/idu/rtl/ct_idu_id_decd.v
vminu.vx,Zvl32b,RV32;RV64,hdl,0,1,1,0,0,C910_RTL_FACTORY/gen_rtl/idu/rtl/ct_idu_id_decd.v
vmsbc.vx,Zvl32b,RV32;RV64,hdl,0,1,1,0,0,C910_RTL_FACTORY/gen_rtl/idu/rtl/ct_idu_id_decd.v
vmseq.vi,Zvl32b,RV32;RV64,hdl,0,1,1,0,0,C910_RTL_FACTORY/gen_rtl/idu/rtl/ct_idu_id_decd.v
vmseq.vx,Zvl32b,RV32;RV64,hdl,0,1,1,0,0,C910_RTL_FACTORY/gen_rtl/idu/rtl/ct_idu_id_decd.v
vmsgt.vi,Zvl32b,RV32;RV64,hdl,0,1,1,0,0,C910_RTL_FACTORY/gen_rtl/idu/rtl/ct_idu_id_decd.v
vmsgtu.vi,Zvl32b,RV32;RV64,hdl,0,1,1,0,0,C910_RTL_FACTORY/gen_rtl/idu/rtl/ct_idu_id_decd.v
vmsle.vi,Zvl32b,RV32;RV64,hdl,0,1,1,0,0,C910_RTL_FACTORY/gen_rtl/idu/rtl/ct_idu_id_decd.v
vmsle.vx,Zvl32b,RV32;RV64,hdl,0,1,1,0,0,C910_RTL_FACTORY/gen_rtl/idu/rtl/ct_idu_id_decd.v
vmsleu.vi,Zvl32b,RV32;RV64,hdl,0,1,1,0,0,C910_RTL_FACTORY/gen_rtl/idu/rtl/ct_idu_id_decd.v
vmsleu.vx,Zvl32b,RV32;RV64,hdl,0,1,1,0,0,C910_RTL_FACTORY/gen_rtl/idu/rtl/ct_idu_id_decd.v
vmslt.vx,Zvl32b,RV32;RV64,hdl,0,1,1,0,0,C910_RTL_FACTORY/gen_rtl/idu/rtl/ct_idu_id_decd.v
vmsltu.vx,Zvl32b,RV32;RV64,hdl,0,1,1,0,0,C910_RTL_FACTORY/gen_rtl/idu/rtl/ct_idu_id_decd.v
vmsne.vi,Zvl32b,RV32;RV64,hdl,0,1,1,0,0,C910_RTL_FACTORY/gen_rtl/idu/rtl/ct_idu_id_decd.v
vmsne.vx,Zvl32b,RV32;RV64,hdl,0,1,1,0,0,C910_RTL_FACTORY/gen_rtl/idu/rtl/ct_idu_id_decd.v
vmul.vx,Zvl32b,RV32;RV64,hdl,0,1,1,0,0,C910_RTL_FACTORY/gen_rtl/idu/rtl/ct_idu_id_decd.v
vmulh.vx,Zvl32b,RV32;RV64,hdl,0,1,1,0,0,C910_RTL_FACTORY/gen_rtl/idu/rtl/ct_idu_id_decd.v
vmulhsu.vx,Zvl32b,RV32;RV64,hdl,0,1,1,0,0,C910_RTL_FACTORY/gen_rtl/idu/rtl/ct_idu_id_decd.v
vmulhu.vx,Zvl32b,RV32;RV64,hdl,0,1,1,0,0,C910_RTL_FACTORY/gen_rtl/idu/rtl/ct_idu_id_decd.v
vnmsac.vx,Zvl32b,RV32;RV64,hdl,0,1,1,0,0,C910_RTL_FACTORY/gen_rtl/idu/rtl/ct_idu_id_decd.v
vnmsub.vx,Zvl32b,RV32;RV64,hdl,0,1,1,0,0,C910_RTL_FACTORY/gen_rtl/idu/rtl/ct_idu_id_decd.v
vor.vi,Zvl32b,RV32;RV64,hdl,0,1,1,0,0,C910_RTL_FACTORY/gen_rtl/idu/rtl/ct_idu_id_decd.v
vor.vx,Zvl32b,RV32;RV64,hdl,0,1,1,0,0,C910_RTL_FACTORY/gen_rtl/idu/rtl/ct_idu_id_decd.v
vrem.vx,Zvl32b,RV32;RV64,hdl,0,1,1,0,0,C910_RTL_FACTORY/gen_rtl/idu/rtl/ct_idu_id_decd.v
vremu.vx,Zvl32b,RV32;RV64,hdl,0,1,1,0,0,C910_RTL_FACTORY/gen_rtl/idu/rtl/ct_idu_id_decd.v
vrgather.vi,Zvl32b,RV32;RV64,hdl,0,1,1,0,0,C910_RTL_FACTORY/gen_rtl/idu/rtl/ct_idu_id_decd.v
vrgather.vx,Zvl32b,RV32;RV64,hdl,0,1,1,0,0,C910_RTL_FACTORY/gen_rtl/idu/rtl/ct_idu_id_decd.v
vrsub.vi,Zvl32b,RV32;RV64,hdl,0,1,1,0,0,C910_RTL_FACTORY/gen_rtl/idu/rtl/ct_idu_id_decd.v
vsadd.vi,Zvl32b,RV32;RV64,hdl,0,1,1,0,0,C910_RTL_FACTORY/gen_rtl/idu/rtl/ct_idu_id_decd.v
vsadd.vx,Zvl32b,RV32;RV64,hdl,0,1,1,0,0,C910_RTL_FACTORY/gen_rtl/idu/rtl/ct_idu_id_decd.v
vsaddu.vi,Zvl32b,RV32;RV64,hdl,0,1,1,0,0,C910_RTL_FACTORY/gen_rtl/idu/rtl/ct_idu_id_decd.v
vsaddu.vx,Zvl32b,RV32;RV64,hdl,0,1,1,0,0,C910_RTL_FACTORY/gen_rtl/idu/rtl/ct_idu_id_decd.v
vslidedown.vi,Zvl32b,RV32;RV64,hdl,0,1,1,0,0,C910_RTL_FACTORY/gen_rtl/idu/rtl/ct_idu_id_decd.v
vslideup.vi,Zvl32b,RV32;RV64,hdl,0,1,1,0,0,C910_RTL_FACTORY/gen_rtl/idu/rtl/ct_idu_id_decd.v
vsll.vi,Zvl32b,RV32;RV64,hdl,0,1,1,0,0,C910_RTL_FACTORY/gen_rtl/idu/rtl/ct_idu_id_decd.v
vsll.vx,Zvl32b,RV32;RV64,hdl,0,1,1,0,0,C910_RTL_FACTORY/gen_rtl/idu/rtl/ct_idu_id_decd.v
vsmul.vx,Zvl32b,RV32;RV64,hdl,0,1,1,0,0,C910_RTL_FACTORY/gen_rtl/idu/rtl/ct_idu_id_decd.v
vsra.vi,Zvl32b,RV32;RV64,hdl,0,1,1,0,0,C910_RTL_FACTORY/gen_rtl/idu/rtl/ct_idu_id_decd.v
vsra.vx,Zvl32b,RV32;RV64,hdl,0,1,1,0,0,C910_RTL_FACTORY/gen_rtl/idu/rtl/ct_idu_id_decd.v
vsrl.vi,Zvl32b,RV32;RV64,hdl,0,1,1,0,0,C910_RTL_FACTORY/gen_rtl/idu/rtl/ct_idu_id_decd.v
vsrl.vx,Zvl32b,RV32;RV64,hdl,0,1,1,0,0,C910_RTL_FACTORY/gen_rtl/idu/rtl/ct_idu_id_decd.v
vssra.vi,Zvl32b,RV32;RV64,hdl,0,1,1,0,0,C910_RTL_FACTORY/gen_rtl/idu/rtl/ct_idu_id_decd.v
vssra.vx,Zvl32b,RV32;RV64,hdl,0,1,1,0,0,C910_RTL_FACTORY/gen_rtl/idu/rtl/ct_idu_id_decd.v
vssrl.vi,Zvl32b,RV32;RV64,hdl,0,1,1,0,0,C910_RTL_FACTORY/gen_rtl/idu/rtl/ct_idu_id_decd.v
vssrl.vx,Zvl32b,RV32;RV64,hdl,0,1,1,0,0,C910_RTL_FACTORY/gen_rtl/idu/rtl/ct_idu_id_decd.v
vssub.vx,Zvl32b,RV32;RV64,hdl,0,1,1,0,0,C910_RTL_FACTORY/gen_rtl/idu/rtl/ct_idu_id_decd.v
vssubu.vx,Zvl32b,RV32;RV64,hdl,0,1,1,0,0,C910_RTL_FACTORY/gen_rtl/idu/rtl/ct_idu_id_decd.v
vsub.vx,Zvl32b,RV32;RV64,hdl,0,1,1,0,0,C910_RTL_FACTORY/gen_rtl/idu/rtl/ct_idu_id_decd.v
vwadd.vx,Zvl32b,RV32;RV64,hdl,0,1,1,0,0,C910_RTL_FACTORY/gen_rtl/idu/rtl/ct_idu_id_decd.v
vwaddu.vx,Zvl32b,RV32;RV64,hdl,0,1,1,0,0,C910_RTL_FACTORY/gen_rtl/idu/rtl/ct_idu_id_decd.v
vwmacc.vx,Zvl32b,RV32;RV64,hdl,0,1,1,0,0,C910_RTL_FACTORY/gen_rtl/idu/rtl/ct_idu_id_decd.v
vwmaccsu.vx,Zvl32b,RV32;RV64,hdl,0,1,1,0,0,C910_RTL_FACTORY/gen_rtl/idu/rtl/ct_idu_id_decd.v
vwmaccu.vx,Zvl32b,RV32;RV64,hdl,0,1,1,0,0,C910_RTL_FACTORY/gen_rtl/idu/rtl/ct_idu_id_decd.v
vwmul.vx,Zvl32b,RV32;RV64,hdl,0,1,1,0,0,C910_RTL_FACTORY/gen_rtl/idu/rtl/ct_idu_id_decd.v
vwmulsu.vx,Zvl32b,RV32;RV64,hdl,0,1,1,0,0,C910_RTL_FACTORY/gen_rtl/idu/rtl/ct_idu_id_decd.v
vwmulu.vx,Zvl32b,RV32;RV64,hdl,0,1,1,0,0,C910_RTL_FACTORY/gen_rtl/idu/rtl/ct_idu_id_decd.v
vwsub.vx,Zvl32b,RV32;RV64,hdl,0,1,1,0,0,C910_RTL_FACTORY/gen_rtl/idu/rtl/ct_idu_id_decd.v
vwsubu.vx,Zvl32b,RV32;RV64,hdl,0,1,1,0,0,C910_RTL_FACTORY/gen_rtl/idu/rtl/ct_idu_id_decd.v
vxor.vi,Zvl32b,RV32;RV64,hdl,0,1,1,0,0,C910_RTL_FACTORY/gen_rtl/idu/rtl/ct_idu_id_decd.v
vxor.vx,Zvl32b,RV32;RV64,hdl,0,1,1,0,0,C910_RTL_FACTORY/gen_rtl/idu/rtl/ct_idu_id_decd.v
