id	core	scope	record_kind	lifecycle	confidence	title	path	source
IBEX-LOCKSTEP_CSR_CONFIG_PROPAGATION	ibex	SecureIbex lockstep multi-execution	canonical upstream lockstep RTL fix	confirmed-fixed-history	high	configured identity CSRs were not propagated to shadow	multicore-audit/ibex/lockstep-csr-config-propagation/record.md	https://github.com/lowRISC/ibex/pull/2282
IBEX-LOCKSTEP_RESET_STALE_DELAYED_INPUTS	ibex	SecureIbex lockstep multi-execution	canonical upstream lockstep reset fix	confirmed-fixed-history	high	lockstep delayed inputs survived reset	multicore-audit/ibex/lockstep-reset-stale-delayed-inputs/record.md	https://github.com/lowRISC/ibex/issues/1368
ROCKET-CLINT_MSIP_STRIDE	rocket-chip	multi-hart CLINT interrupt routing	canonical upstream CLINT generator fix	confirmed-fixed-history	high	CLINT MSIP fields lost the per-hart four-byte stride	multicore-audit/rocket-chip/clint-msip-stride/record.md	https://github.com/chipsalliance/rocket-chip/commit/afd93df40e3a9b4196a1c75487ec9e0db6c747f3
XIANGSHAN-COUPLEDL2-PROBE_TOT_NESTED_RELEASE_STATE	xiangshan	shared CHI nested release and Probe state	canonical upstream CoupledL2 CHI fix	confirmed-fixed-history	high	Probe-toT nested Release could write DataStorage with stale state	multicore-audit/xiangshan/coupledL2-probe-tot-nested-release-state/record.md	https://github.com/OpenXiangShan/CoupledL2/commit/19ccf1ee2490e1ea4db2dd5177274231a1c7e676
XIANGSHAN-COUPLEDL2-MISSED_FORWARD_SNOOP_NESTED_WRITEBACK	xiangshan	shared CHI directory-miss nested writeback	canonical upstream CoupledL2 CHI fix	confirmed-fixed-history	high	missed forward snoop could admit nested writeback	multicore-audit/xiangshan/coupledL2-missed-forward-snoop-nested-writeback/record.md	https://github.com/OpenXiangShan/CoupledL2/commit/c072c9ebe95cc4f5e0bdf9d3f1822290861660ce
XIANGSHAN-COUPLEDL2-SNPSTASH_NESTED_STATE_UPDATE	xiangshan	shared CHI SnpStashX nested state	canonical upstream CoupledL2 CHI fix	confirmed-fixed-history	high	SnpStashX could apply an invalidating nested state update	multicore-audit/xiangshan/coupledL2-snpstash-nested-state-update/record.md	https://github.com/OpenXiangShan/CoupledL2/commit/46c1844a80837f63dc3caf4f5ad5928466543428
XIANGSHAN-COUPLEDL2-WRITECLEANFULL_NESTED_SNOOP	xiangshan	shared CHI WriteCleanFull nested snoop	canonical upstream CoupledL2 CHI fix	confirmed-fixed-history	high	WriteCleanFull nested snoop could miss metadata updates	multicore-audit/xiangshan/coupledL2-writecleanfull-nested-snoop/record.md	https://github.com/OpenXiangShan/CoupledL2/commit/6c33ef0d0c9586cee702df3e07c608cd8bd9d1f3
XIANGSHAN-COUPLEDL2-PROBEACK_MSHR_META_STATE	xiangshan	shared CHI ProbeAck MSHR metadata	canonical upstream CoupledL2 CHI fix	confirmed-fixed-history	high	ProbeAck effects were not committed to MSHR metadata	multicore-audit/xiangshan/coupledL2-probeack-mshr-meta-state/record.md	https://github.com/OpenXiangShan/CoupledL2/commit/41d16cadb819dfe87e5aa0f4a6a331ff6ea338e9
XIANGSHAN-COUPLEDL2-NESTABLE_DIRECTORY_MISS_FORWARD_STATE	xiangshan	shared CHI nested directory forwarding	canonical upstream CoupledL2 CHI fix	confirmed-fixed-history	high	INVALID nested metadata was treated as a directory hit	multicore-audit/xiangshan/coupledL2-nestable-directory-miss-forward-state/record.md	https://github.com/OpenXiangShan/CoupledL2/commit/38306873ea21e235aa35f2fb062c1243548688d0
XIANGSHAN-COUPLEDL2-SNPQUERY_NESTED_EVICT_STATE	xiangshan	shared CHI SnpQuery and Evict ordering	canonical upstream CoupledL2 CHI fix	confirmed-fixed-history	high	Evict metadata stayed valid before nested SnpQuery	multicore-audit/xiangshan/coupledL2-snpquery-nested-evict-state/record.md	https://github.com/OpenXiangShan/CoupledL2/commit/108e6a302f657a297c625684b098964b028e3902
XIANGSHAN-COUPLEDL2-RXSNP_CMO_BLOCKING_RACE	xiangshan	shared CHI CMO and RXSNP ordering	canonical upstream CoupledL2 CHI fix	confirmed-fixed-history	high	RXSNP could race CMO rprobe/cmometaw work	multicore-audit/xiangshan/coupledL2-rxsnp-cmo-blocking-race/record.md	https://github.com/OpenXiangShan/CoupledL2/commit/6194a1b0559c833ade717d9179881cdb04b6258c
XIANGSHAN-INTERCORE_MIP_CSR_ORDERING	xiangshan	inter-hart interrupt CSR ordering	canonical upstream CSR scheduling fix	confirmed-fixed-history	high	out-of-order MIP reads hid an inter-core interrupt	multicore-audit/xiangshan/intercore-mip-csr-ordering/record.md	https://github.com/OpenXiangShan/XiangShan/issues/5102
BOOM-PROBE_NACK_LRSC_RESERVATION	boom	shared L1 LR/SC reservation and Probe ordering	canonical upstream Chisel RTL fix	confirmed-fixed-history	high	Probe-nacked request could still change LR/SC reservation state	multicore-audit/boom/probe-nack-lrsc-reservation/record.md	https://github.com/riscv-boom/riscv-boom/commit/693166e86f282e3bb19f07cbb5c52cb325d3ccbd
BOOM-PROBER_INVALID_MSHR_READY	boom	shared L1 Probe admission and MSHR readiness	canonical upstream Chisel RTL fix	confirmed-fixed-history	high	stale index in an invalid MSHR could block a Probe	multicore-audit/boom/prober-invalid-mshr-ready/record.md	https://github.com/riscv-boom/riscv-boom/commit/4b9f9f53dfba4eaa819fc193de6386159a997a78
BOOM-LR_RESERVATION_PROBE_ADMISSION	boom	shared L1 LR/SC reservation and Probe ordering	canonical upstream Chisel RTL fix	confirmed-fixed-history	high	live LR reservation did not block Probe admission	multicore-audit/boom/lr-reservation-probe-admission/record.md	https://github.com/riscv-boom/riscv-boom/commit/339915933e9db799f3f03964e3cd65fc89c21f17
BOOM-PREFETCH_MSHR_PROBE_CLEAR	boom	shared L1 prefetch MSHR and Probe handling	canonical upstream Chisel RTL fix	confirmed-fixed-history	high	matching prefetch MSHR could remain uncleared on Probe	multicore-audit/boom/prefetch-mshr-probe-clear/record.md	https://github.com/riscv-boom/riscv-boom/commit/bd20e75cb06c1b64dbaaf902f56e42652e83661f
CVA6-MULTIHART_DEBUG_REQ_WIDTH	cva6	multi-hart Debug Module routing	canonical upstream SystemVerilog RTL fix	confirmed-fixed-history	high	Debug Module truncated high-hart halt requests	multicore-audit/cva6/multihart-debug-req-width/record.md	https://github.com/openhwgroup/cva6/commit/9d1f6b1b76050078cf55e1fc129f1e888bd77a75
CVA6-MULTICORE_CLINT_TIMER_IRQ	cva6	multi-core CLINT timer routing	canonical upstream SystemVerilog RTL fix	confirmed-fixed-history	high	CLINT compared packed timer state as one value	multicore-audit/cva6/multicore-clint-timer-irq/record.md	https://github.com/openhwgroup/cva6/commit/5ac2838606edd911ff030e75d216c74246ff95bd
CVA6-AXI-RISCV-ATOMIC-BURST-RESERVATION-INVALIDATION	cva6	shared AXI reservation invalidation	canonical upstream AXI SystemVerilog RTL fix	confirmed-fixed-history	high	write burst cleared only its base reservation address	multicore-audit/cva6/axi-riscv-atomic-burst-reservation-invalidation/record.md	https://github.com/pulp-platform/axi_riscv_atomics/commit/424697e916867f87cdeeef429729760adc50e197
CVA6-AXI-RISCV-ATOMIC-INFLIGHT-LR-SC-ORDERING	cva6	shared AXI exclusive monitor ordering	canonical upstream AXI SystemVerilog RTL fix	confirmed-fixed-history	high	exclusive LR could pass an in-flight overlapping write	multicore-audit/cva6/axi-riscv-atomic-inflight-lr-sc-ordering/record.md	https://github.com/pulp-platform/axi_riscv_atomics/commit/6e952aa79ee43c791e0e2c48e12c39b0ff296afc
IBEX-LOCKSTEP_RESETALL_UNRESET_CORE_STATE	ibex	SecureIbex lockstep core reset convergence	canonical upstream lockstep RTL reset fix	confirmed-fixed-history	high	core-internal lockstep state was not reset	multicore-audit/ibex/lockstep-resetall-unreset-core-state/record.md	https://github.com/lowRISC/ibex/commit/a1902004f9400ec91e404a1cc1071f45ddc73bc5
IBEX-LOCKSTEP_ENABLE_FI_HARDENING	ibex	SecureIbex lockstep comparison control	canonical upstream lockstep RTL security fix	confirmed-fixed-history	high	single-bit fault could disable lockstep comparison	multicore-audit/ibex/lockstep-enable-fi-hardening/record.md	https://github.com/lowRISC/ibex/commit/8ec0c6f18ec22c00de7538e7dccc648e7864aa9e
IBEX-LOCKSTEP_MEMORY_ECC_NOT_REPLICATED	ibex	SecureIbex memory-integrity redundancy	canonical upstream lockstep RTL security fix	confirmed-fixed-history	high	memory ECC checking and generation were not replicated	multicore-audit/ibex/lockstep-memory-ecc-not-replicated/record.md	https://github.com/lowRISC/ibex/commit/f7724adcc76bea0bd909c2ac28cf11226d5cbefe
XIANGSHAN-MHARTID_NONUNIQUE	xiangshan	architectural per-hart CSR identity	canonical upstream multicore CSR implementation fix	confirmed-fixed-history	high	every core reported the same mhartid	multicore-audit/xiangshan/mhartid-nonunique/record.md	https://github.com/OpenXiangShan/XiangShan/commit/7a77cff24dc51dba9a6f986195acd7aab4cd5578
XIANGSHAN-CLINT_PER_HART_STATE_ALIAS	xiangshan	shared CLINT per-hart state	canonical upstream multicore CLINT integration fix	confirmed-fixed-history	high	CLINT timer and software-interrupt state was aliased	multicore-audit/xiangshan/clint-per-hart-state-alias/record.md	https://github.com/OpenXiangShan/XiangShan/commit/0668d426e62fc2b88ac5e3cf9661d6d838b3e904
CVA6-MULTIHART_CLINT_MSIP_STRIDE	cva6	multi-hart CLINT MSIP routing	canonical upstream SystemVerilog CLINT RTL fix	confirmed-fixed-history	high	CLINT used the wrong per-hart MSIP stride	multicore-audit/cva6/multihart-clint-msip-stride/record.md	https://github.com/openhwgroup/cva6/commit/07df142624b7e4c580410db73a78d43d53085580
IBEX-LOCKSTEP_DATA_RVALID_FI_WINDOW	ibex	SecureIbex lockstep shared response path	canonical upstream lockstep RTL security fix	confirmed-fixed-history	high	false response-valid could write back to both lockstep instances	multicore-audit/ibex/lockstep-data-rvalid-fi-window/record.md	https://github.com/lowRISC/ibex/commit/590d196e620376c9888546fa947f3b7bb81af956
IBEX-LOCKSTEP_FPGA_COUNTER_RESET_MISMATCH	ibex	SecureIbex lockstep counter reset	canonical upstream lockstep RTL FPGA fix	confirmed-fixed-history	high	non-DSP FPGA counters used the wrong reset style	multicore-audit/ibex/lockstep-fpga-counter-reset-mismatch/record.md	https://github.com/lowRISC/ibex/commit/667fd20d2ede51caececccbcbda3652074424ce2
XIANGSHAN-COUPLEDL2_WRITEBACK_RETRY_CBWRDATA	xiangshan	shared CHI replacement writeback and peer snoop	canonical upstream CoupledL2 CHI RTL fix	confirmed-fixed-history	high	stale CopyBackWrData state survived a nested-writeback retry	multicore-audit/xiangshan/coupledL2-writeback-retry-cbwrdata/record.md	https://github.com/OpenXiangShan/CoupledL2/commit/2315b49f0d81584e1b3b3776377d9af1e36be19d
XIANGSHAN-COUPLEDL2_WRITEEVICT_NESTED_SNOOP	xiangshan	shared CHI WriteEvict nested snoop	canonical upstream CoupledL2 CHI RTL fix	confirmed-fixed-history	high	WriteEvict transactions were mishandled when snoops nested	multicore-audit/xiangshan/coupledL2-writeevict-nested-snoop/record.md	https://github.com/OpenXiangShan/CoupledL2/commit/fbeb03ae88aa52d1b8d7dff0201b42eb24fb1f16
XIANGSHAN-COUPLEDL2_SNPONCE_WRITEBACK_NESTING	xiangshan	shared CHI SnpOnce writeback nesting	canonical upstream CoupledL2 CHI RTL fix	confirmed-fixed-history	high	SnpOnce nesting could lose dirty data and permission state	multicore-audit/xiangshan/coupledL2-snponce-writeback-nesting/record.md	https://github.com/OpenXiangShan/CoupledL2/commit/394b7392f5899ae277b0ff55b9ad694afbf3e4f9
XIANGSHAN-COUPLEDL2_TL2TL_PROBE_RELEASEACK_CONFLICT	xiangshan	shared TL2TL replacement and Probe ordering	canonical upstream XSCache TL2TL coherence RTL fix	confirmed-fixed-history	high	same-address Probe was admitted while ReleaseAck was outstanding	multicore-audit/xiangshan/coupledL2-tl2tl-probe-releaseack-conflict/record.md	https://github.com/OpenXiangShan/XSCache/commit/0d23d1fdbe175970482690d30282b92102a617d7
XIANGSHAN-COUPLEDL2_SNPRESPFORWARDED_SELF_NESTING	xiangshan	shared CHI forwarded snoop and nested writeback state	canonical upstream XSCache CHI MSHR state-machine fix	confirmed-fixed-history	high	SnpRespFwded could nest into its own MSHR	multicore-audit/xiangshan/coupledL2-snprepfwded-self-nesting/record.md	https://github.com/OpenXiangShan/XSCache/commit/b76e41b2de4c17c275bcc22f22fb98d6d34d88be
XIANGSHAN-COUPLEDL2_RELEASE_RETRY_OPCODE_IMMUTABILITY	xiangshan	shared CHI replacement Release retry protocol	canonical upstream XSCache CHI Release retry-state fix	confirmed-fixed-history	high	Release opcode could change when a replacement transaction retried	multicore-audit/xiangshan/coupledL2-release-retry-opcode-immutability/record.md	https://github.com/OpenXiangShan/XSCache/commit/49b142b64ff5daa2550deca7617d288dcfefe52f
XIANGSHAN-COUPLEDL2_WRITECLEANFULL_SNPONCE_UC_STATE	xiangshan	shared CHI WriteCleanFull and nested SnpOnce state	canonical upstream XSCache CHI nested-state correction	confirmed-fixed-history	high	clean UC state could become SC on nested WriteCleanFull	multicore-audit/xiangshan/coupledL2-writecleanfull-snponce-uc-state/record.md	https://github.com/OpenXiangShan/XSCache/commit/de2bcf974420cb497b6c82900cba6e6fdba316b9
IBEX-LOCKSTEP_RF_WRITE_ENABLE_GLITCH	ibex	SecureIbex lockstep shared register-file write path	canonical upstream lockstep RTL security fix	confirmed-fixed-history	high	decoded register-file write enable could evade lockstep	multicore-audit/ibex/lockstep-rf-write-enable-glitch/record.md	https://github.com/lowRISC/ibex/pull/1605
IBEX-LOCKSTEP_RF_READ_MUX_FI	ibex	SecureIbex lockstep shared register-file read path	canonical upstream lockstep RTL security fix	confirmed-fixed-history	high	register-file read MUX fault could feed both instances the wrong word	multicore-audit/ibex/lockstep-rf-read-mux-fi/record.md	https://github.com/lowRISC/ibex/pull/2117
IBEX-LOCKSTEP_FALSE_MEMORY_RESPONSE_NO_WB	ibex	SecureIbex no-writeback shared memory-response path	canonical upstream lockstep RTL security fix	confirmed-fixed-history	high	unsolicited memory response could be consumed without writeback stage	multicore-audit/ibex/lockstep-false-memory-response-no-wb/record.md	https://github.com/lowRISC/ibex/pull/2166
IBEX-LOCKSTEP_CORE_BUSY_CLOCK_GATING	ibex	SecureIbex lockstep shared clock control	canonical upstream lockstep RTL security fix	confirmed-fixed-history	high	low busy glitch could stop the shared lockstep clock	multicore-audit/ibex/lockstep-core-busy-clock-gating/record.md	https://github.com/lowRISC/ibex/pull/1865
XIANGSHAN-COUPLEDL2-TL2TL-GRANTDATA-DSTORAGE	xiangshan	shared TL2TL GrantData and DataStorage path	canonical upstream CoupledL2 CHI/TL2TL RTL fix	confirmed-fixed-history	high	GrantData could be accepted without a DataStorage update	multicore-audit/xiangshan/coupledL2-tl2tl-grantdata-dstorage/record.md	https://github.com/OpenXiangShan/CoupledL2/pull/166
XIANGSHAN-COUPLEDL2-SNPONCE-TRUNK-DIRTY	xiangshan	shared CHI SnpOnce dirty-state tracking	canonical upstream CoupledL2 CHI RTL fix	confirmed-fixed-history	high	SnpOnce ProbeAckData could lose dirty state on TRUNK	multicore-audit/xiangshan/coupledL2-snponce-trunk-dirty/record.md	https://github.com/OpenXiangShan/CoupledL2/pull/187
XIANGSHAN-COUPLEDL2-COMPACK-DATASEP-ORDERING	xiangshan	shared CHI CompAck and separated-data ordering	canonical upstream CoupledL2 CHI RTL fix	confirmed-fixed-history	high	CompAck could precede the first DataSepResp beat	multicore-audit/xiangshan/coupledL2-compack-datasep-ordering/record.md	https://github.com/OpenXiangShan/CoupledL2/pull/253
XIANGSHAN-COUPLEDL2-SNPUNIQUEFWD-ILLEGAL-DCT-RESP	xiangshan	shared CHI SnpUniqueFwd forwarded snoop response state	canonical upstream CoupledL2 CHI RTL fix	confirmed-fixed-history	high	SnpUniqueFwd could generate an illegal forwarded snoop response state	multicore-audit/xiangshan/coupledL2-snpunique-fwd-illegal-dct-resp/record.md	https://github.com/OpenXiangShan/CoupledL2/pull/261
XIANGSHAN-COUPLEDL2-CBOINVAL-RELEASEBUFFER-DATA	xiangshan	shared CHI CBO inval and ReleaseBuffer data	canonical upstream CoupledL2 CHI RTL fix	confirmed-fixed-history	high	CBO inval could omit dirty data from ReleaseBuffer	multicore-audit/xiangshan/coupledL2-cbo-inval-releasebuffer-data/record.md	https://github.com/OpenXiangShan/CoupledL2/pull/300
XIANGSHAN-COUPLEDL2-SNPSTASH-TRUNK-STALE-DATA	xiangshan	shared CHI SnpStash TRUNK Probe-toT selection	canonical upstream CoupledL2 CHI RTL fix	confirmed-fixed-history	high	SnpStash on TRUNK could skip the required upstream Probe-toT	multicore-audit/xiangshan/coupledL2-snpstash-trunk-stale-data/record.md	https://github.com/OpenXiangShan/CoupledL2/pull/326
CVA6-STD-CACHE-AXI-WVALID-AWREADY-DEADLOCK	cva6	shared standard-cache AXI AW/W liveness	canonical upstream CVA6 SystemVerilog RTL fix	confirmed-fixed-history	high	AW backpressure could deadlock W propagation	multicore-audit/cva6/std-cache-axi-wvalid-awready-deadlock/record.md	https://github.com/openhwgroup/cva6/pull/1360
CVA6-STD-CACHE-AXI-W-FIFO-AW-ORDER	cva6	shared standard-cache AXI write-source tracking	canonical upstream CVA6 SystemVerilog RTL fix	confirmed-fixed-history	high	AXI source FIFO could retain a completed AW	multicore-audit/cva6/std-cache-axi-w-fifo-aw-order/record.md	https://github.com/openhwgroup/cva6/pull/2461
CVA6-HPDCACHE-WB-FENCE-I-COHERENCE	cva6	shared HPDcache I/D memory ordering	canonical upstream CVA6 SystemVerilog RTL fix	confirmed-fixed-history	high	HPDcache write-back could race fence.i fetch	multicore-audit/cva6/hpdcache-wb-fence-i-coherence/record.md	https://github.com/openhwgroup/cva6/pull/2971
ROCKET-DCACHE_LRSC_PROBE_PROGRESS	rocket-chip	shared DCache LR/SC and Probe progress	canonical upstream DCache coherence/liveness fix	confirmed-fixed-history	high	LR/SC traffic could block Probe progress indefinitely	multicore-audit/rocket-chip/dcache-lrsc-probe-progress/record.md	https://github.com/chipsalliance/rocket-chip/commit/7871ec82c4176b17689469ba34ba2b6bdb9a62bc
ROCKET-DCACHE_GRANT_PROBE_LIVELOCK	rocket-chip	shared DCache Grant and Probe progress	canonical upstream DCache coherence/liveness fix	confirmed-fixed-history	high	Grant/Probe arbitration could livelock	multicore-audit/rocket-chip/dcache-grant-probe-livelock/record.md	https://github.com/chipsalliance/rocket-chip/commit/cc9ec1d51a1359cd9f2d88e4183eedfa0d3ba020
ROCKET-DCACHE_LRSC_PROBE_ADMISSION	rocket-chip	shared DCache LR/SC and Probe admission	canonical upstream DCache coherence/liveness fix	confirmed-fixed-history	high	Stage-2 LR could continue blocking a Probe	multicore-audit/rocket-chip/dcache-lrsc-probe-admission/record.md	https://github.com/chipsalliance/rocket-chip/pull/1624
ROCKET-DCACHE_RELEASEACK_PROBE	rocket-chip	shared DCache ReleaseAck and Probe ordering	canonical upstream DCache coherence ordering fix	confirmed-fixed-history	high	DCache could accept a Probe while ReleaseAck was pending	multicore-audit/rocket-chip/dcache-releaseack-probe/record.md	https://github.com/chipsalliance/rocket-chip/pull/1999
ROCKET-DCACHE_RELEASEACK_ACQUIRE_PROBEACK	rocket-chip	shared DCache ReleaseAck ProbeAck and Acquire ordering	canonical upstream DCache coherence ordering fix	confirmed-fixed-history	high	ReleaseAck ordering omitted clean-release and Acquire paths	multicore-audit/rocket-chip/dcache-releaseack-acquire-probeack/record.md	https://github.com/chipsalliance/rocket-chip/pull/2832
ROCKET-DM_HARTARRAY_MASK_32PLUS	rocket-chip	multi-hart Debug Module HAWINDOW mask generation	canonical upstream Debug Module generator fix	confirmed-fixed-history	high	Debug hart-array masks overflowed Int arithmetic at 32 harts	multicore-audit/rocket-chip/dm-hartarray-mask-32plus/record.md	https://github.com/chipsalliance/rocket-chip/commit/579e60a08e96373d93ff09d6070377a015f2efba
ROCKET-DM_EXTTRIGGER_HALTGROUP	rocket-chip	multi-hart Debug halt-group extTrigger state	canonical upstream Debug Module RTL fix	confirmed-fixed-history	high	Halt-group extTrigger handling mixed indices and all-halted state	multicore-audit/rocket-chip/dm-exttrigger-haltgroup/record.md	https://github.com/chipsalliance/rocket-chip/pull/3748
VEXRISCV-INVALIDATION_READ_DURING_WRITE_HAZARD	vexriscv	four-core SMP DataCache invalidation and write/read ordering	canonical upstream SMP cache RTL fix	confirmed-fixed-history	high	invalidations could carry a stale way mask across a read-during-write pipeline	multicore-audit/vexriscv/invalidation-read-during-write-hazard/record.md	https://github.com/SpinalHDL/VexRiscv/commit/b389878d2323002d6619981a5a82cc4581cf2715
BOOM-MSHR_PROBER_META_READ_CONFLICT	boom	shared L1 coherence Probe and MSHR metadata-read admission	canonical upstream Chisel/RTL coherence progress fix	confirmed-fixed-history	high	same-index Probe admission could conflict with a live MSHR metadata read	multicore-audit/boom/mshr-prober-meta-read-conflict/record.md	https://github.com/riscv-boom/riscv-boom/pull/420
BOOM-LDLD_SNOOP_PNR_BLOCK	boom	v4 LSU same-address load ordering and coherent snoop observation	canonical upstream Chisel/RTL memory-ordering fix	confirmed-fixed-history	high	coherent snoop observation could drive an incomplete older-load ordering failure	multicore-audit/boom/ldld-snoop-pnr-block/record.md	https://github.com/riscv-boom/riscv-boom/pull/706
CVA6-HPDCACHE-DIRTY-LINE-NONCACHEABLE-DATA-CONSISTENCY	cva6	shared HPDcache write-back dirty-line/non-cacheable data consistency	canonical upstream HPDcache/CVA6 SystemVerilog RTL fix	confirmed-fixed-history	high	dirty write-back line could be bypassed by a non-cacheable access	multicore-audit/cva6/hpdcache-dirty-line-noncacheable-data-consistency/record.md	https://github.com/openhwgroup/cv-hpdcache/pull/135
XIANGSHAN-COUPLEDL2-RXSNP-REPLACEMENT-RELEASEBUF-RACE	xiangshan	shared CHI RXSNP replacement and ReleaseBuffer ordering	canonical upstream XSCache CHI RTL fix	confirmed-fixed-history	high	RXSNP could read replacement data before the ReleaseBuffer write	multicore-audit/xiangshan/coupledL2-rxsnp-replacement-releasebuf-race/record.md	https://github.com/OpenXiangShan/XSCache/commit/23adbaea68b077737df88a78d26bd3474bc9ad25
XIANGSHAN-OPENLLC-STASH-REFILL-BYPASS-REFILLBUF-LEAK	xiangshan	shared openLLC StashOnceShared refill and MemUnit bypass	canonical upstream XSCache openLLC RTL fix	confirmed-fixed-history	high	StashOnceShared bypass could leave a RefillBuf entry waiting for data	multicore-audit/xiangshan/openllc-stash-refill-bypass-refillbuf-leak/record.md	https://github.com/OpenXiangShan/XSCache/pull/25
IBEX-LOCKSTEP-OFFSET-ONE-ELABORATION	ibex	SecureIbex lockstep offset parameter and cache-response delay	canonical upstream lockstep RTL elaboration fix	confirmed-fixed-history	high	one-cycle lockstep offset could not elaborate	multicore-audit/ibex/lockstep-offset-one-elaboration/record.md	https://github.com/lowRISC/ibex/pull/2363
CVA6-HPDCACHE-CMO-FLUSH-DIRTY-CLEAR	cva6	shared-memory CBO.CLEAN and HPDcache directory dirty state	canonical upstream HPDcache SystemVerilog RTL fix	confirmed-fixed-history	high	flush-only writeback could leave the directory dirty bit set	multicore-audit/cva6/hpdcache-cmo-flush-dirty-clear/record.md	https://github.com/openhwgroup/cv-hpdcache/pull/56
BOOM-WB_LAST_C_BEAT_LOST	boom	shared L1 TileLink C-channel writeback and dirty Probe response	canonical upstream Chisel/RTL coherence fix	confirmed-fixed-history	high	final C-channel writeback beat could be withdrawn under backpressure	multicore-audit/boom/wb-last-c-beat-lost/record.md	https://github.com/riscv-boom/riscv-boom/commit/d182b07e6db1b38d5585628f882fb04310ee8368
BOOM-WB_EARLY_RELEASE_ACK_NOT_LATCHED	boom	shared L1 TileLink Release and ReleaseAck ordering	canonical upstream Chisel/RTL coherence/liveness fix	confirmed-fixed-history	high	early ReleaseAck could be lost before a multibeat Release completed	multicore-audit/boom/wb-early-release-ack-not-latched/record.md	https://github.com/riscv-boom/riscv-boom/commit/01eed18de7543d973f7d2b45a589caf786f02848
BOOM-MSHR_REUSED_BEFORE_GRANTACK_E	boom	shared L1 TileLink D/E transaction lifetime and MSHR source-ID reuse	canonical upstream Chisel/RTL coherence-progress fix	confirmed-fixed-history	high	an MSHR could be reused before its queued GrantAck E handshake	multicore-audit/boom/mshr-reused-before-grantack-e/record.md	https://github.com/riscv-boom/riscv-boom/commit/c07279a9f3aadfa818e627171817ec02f0e72bdb
BOOM-PROBEACK_WRONG_SOURCE_ID	boom	shared L1 TileLink ProbeAckData source identity	canonical upstream Chisel/RTL coherence response fix	confirmed-fixed-history	high	dirty ProbeAckData used a non-echoed TileLink source ID	multicore-audit/boom/probeack-wrong-source-id/record.md	https://github.com/riscv-boom/riscv-boom/commit/c5ec95fd1bf29f94df84dfd625dced212392898f
ROCKET-TLBROADCAST_D_TRACKER_SOURCE_REUSE	rocket-chip	shared TLBroadcast tracker and source-ID coherence response selection	canonical upstream TileLink RTL fix	confirmed-fixed-history	high	D response matching retained a tracker after its D response completed	multicore-audit/rocket-chip/tlbroadcast-d-tracker-source-reuse/record.md	https://github.com/chipsalliance/rocket-chip/commit/ef63230bdff7413acbb3e61e78941ce14b297bc0
ROCKET-TLBROADCAST_MULTIBEAT_TRACKER_HOLD	rocket-chip	shared TLBroadcast multibeat D response tracker selection	canonical upstream TileLink RTL fix	confirmed-fixed-history	high	multibeat D response selection changed between response beats	multicore-audit/rocket-chip/tlbroadcast-multibeat-tracker-hold/record.md	https://github.com/chipsalliance/rocket-chip/commit/f4783b7ab2b86d7933b56d673f4a22514741fa3e
ROCKET-TLBROADCAST_PROBEACKDATA_COMPLETION	rocket-chip	shared TLBroadcast ProbeAckData and downstream cleanup ordering	canonical upstream TileLink RTL fix	confirmed-fixed-history	high	ProbeAckData completed tracking before its downstream DROP acknowledgement	multicore-audit/rocket-chip/tlbroadcast-probeackdata-completion/record.md	https://github.com/chipsalliance/rocket-chip/commit/fbfa15efea7d682da88937c2882cf0583e6c3676
ROCKET-TLATOMIC_AUTOMATA_ZERO_LATENCY_ACK	rocket-chip	shared TileLink atomic emulation and response matching	canonical upstream TileLink RTL fix	confirmed-fixed-history	high	an emulated AMO AccessAck missed the live AMO CAM state	multicore-audit/rocket-chip/tlatomic-automata-zero-latency-ack/record.md	https://github.com/chipsalliance/rocket-chip/commit/ed4224dde4d899982617dbcc3fd7ccd474f5bf9e
ROCKET-TLATOMIC_AUTOMATA_GET_ERROR_MERGE	rocket-chip	shared TileLink atomic emulation and split-response error propagation	canonical upstream TileLink RTL fix	confirmed-fixed-history	high	the synthetic Get error was lost when the final Put succeeded	multicore-audit/rocket-chip/tlatomic-automata-get-error-merge/record.md	https://github.com/chipsalliance/rocket-chip/commit/25ea7fa8521ac76898ade16178fb3b57adeaff8b
ROCKET-CORE_AMO_AQ_RL_FENCE_DIRECTION	rocket-chip	shared-memory AMO acquire/release ordering across Rocket harts	canonical upstream RocketCore RTL memory-ordering fix	confirmed-fixed-history	high	RocketCore reversed the acquire and release AMO fence directions	multicore-audit/rocket-chip/core-amo-aq-rl-fence-direction/record.md	https://github.com/chipsalliance/rocket-chip/commit/eb6e192ec0a9e4e1341f5c876c17feecf585cc4b
ROCKET-TLFRAGMENTER_SOURCE_REUSE	rocket-chip	shared TileLink Fragmenter source identity and response reassembly	canonical upstream TileLink RTL fix	confirmed-fixed-history	high	normal Fragmenter transactions reused colliding fragment sources	multicore-audit/rocket-chip/tlfragmenter-source-reuse/record.md	https://github.com/chipsalliance/rocket-chip/commit/c2b8b084615430f097e7f556659fc978337eba86
ROCKET-DCACHE_ACQUIRE_BEFORE_RELEASE_QUEUE	rocket-chip	shared DCache release queue and Acquire admission ordering	canonical upstream DCache coherence progress fix	confirmed-fixed-history	high	cached Acquire admission ignored a nonempty dirty-release queue	multicore-audit/rocket-chip/dcache-acquire-before-release-queue/record.md	https://github.com/chipsalliance/rocket-chip/commit/3cbc5262ecf342314896519a699d1bf9cad0dee4
ROCKET-INTERRUPT_CROSSING_SYNC_RESET	rocket-chip	per-tile CLINT/PLIC interrupt crossing reset behavior	canonical upstream interrupt crossing RTL fix	confirmed-fixed-history	high	synchronous crossing reset left a stale interrupt asserted	multicore-audit/rocket-chip/interrupt-crossing-sync-reset/record.md	https://github.com/chipsalliance/rocket-chip/commit/8ec06151b07b1f5430917ab0968ea925dfd936a0
ROCKET-PLIC_MEIP_SEIP_FLAT_ORDER	rocket-chip	multi-hart PLIC meip/seip interrupt-context ordering	canonical upstream PLIC wiring fix	confirmed-fixed-history	high	flat meip/seip registration misrouted middle hart interrupt contexts	multicore-audit/rocket-chip/plic-meip-seip-flat-order/record.md	https://github.com/chipsalliance/rocket-chip/commit/93fe30e843ef61847acbe0260ff7f864d12d9f32
XIANGSHAN-COUPLEDL2-SNPPREFERUNIQUEFWD-FORWARD-CLASSIFICATION	xiangshan	shared CHI SnpPreferUniqueFwd opcode classification and DCT forwarding	canonical upstream CoupledL2 CHI RTL fix	confirmed-fixed-history	high	SnpPreferUniqueFwd was omitted from the forward-classification predicate	multicore-audit/xiangshan/coupledL2-snppreferunique-fwd-classification/record.md	https://github.com/OpenXiangShan/XSCache/commit/f29277493494e7a7c25475c78ff30f7c66a600d4
